nome_limpo,parada_id,endereco,linhas,registros
ATACADAO,P022,"Av. Sen. Salgado Filho - Pitimbu, Natal - RN, 59078-000, Brasil","738,740,745.1,97,98",5
ATACADAO,P073,"Av. Sen. Salgado Filho - Pitimbu, Natal - RN, 59080-000, Brasil","738,740,745.2,97,98",5
CONDOMINIO ITATIAIA,P003,"Avenida Gastão Mariz de Faria, 714-848 - Parque dos Eucaliptos, Parnamirim - RN, 59152-110, República Federativa do Brasil","738,740,745.1,97,98",5
CONDOMINIO ITATIAIA,P174,"Praca, Rio Grande Do Norte, Parque Dos Eucaliptos (Parnamirim)","97,98",2
ESPACO REDUZIDO,P057,"Avenida Hermes da Fonseca, 1219-1289 - Tirol, Natal - RN, 59020-145, República Federativa do Brasil","738,98",2
ESPACO REDUZIDO,P160,"Av Abel Cabral, 398, Rio Grande Do Norte, Nova Parnamirim (Parnamirim)","745.2,97,98",3
ESPACO REDUZIDO,P187,"Avenida Abel Cabral, 270-280 - Nova Parnamirim, Natal - RN, Brasil","97,98",2
EXTRA,P077,"Av Maria Lacerda Montenegro, 2623, Rio Grande Do Norte, Nova Parnamirim (Parnamirim)","738,740",2
EXTRA,P117,"Av. Eng. Roberto Freire, 780-1020 - Capim Macio, Natal - RN, 59082-400, Brasil",745.1,1
EXTRA,P148,"Av. Eng. Roberto Freire, 689-1345 - Capim Macio, Natal - RN, 59080-400, Brasil",745.2,1
IGREJA ASSEMBLEIA DE DEUS ABEL,P180,"Av Abel Cabral, 2686, Rio Grande Do Norte, Nova Parnamirim (Parnamirim)","97,98",2
IGREJA ASSEMBLEIA DE DEUS ABEL,P193,"Av Abel Cabral, 2692, Rio Grande Do Norte, Nova Parnamirim (Parnamirim)","97,98",2
KERO KERO,P020,"Rodovia Governador Mário Covas, 8113 - Nova Parnamirim, Natal - RN, Brasil","738,740,745.1,97,98",5
KERO KERO,P087,"Av Sen. Salgado Filho, Rio Grande Do Norte, Candelaria (Natal)","738,740,745.2,98",4
MAURICIO DE NASSAU,P116,"Av. Eng. Roberto Freire, 512-626 - Capim Macio, Natal - RN, 59080-400, Brasil",745.1,1
MAURICIO DE NASSAU,P149,"Av. Eng. Roberto Freire, 441-657 - Parque das Dunas, Natal - RN, 59080-400, Brasil",745.2,1
NORDESTAO,P013,"Av Maria Lacerda Montenegro, 2092, Rio Grande Do Norte, Nova Parnamirim (Parnamirim)","738,740,745.1",3
NORDESTAO,P032,"Avenida Senador Salgado Filho, 959-1075 - Lagoa Nova, Natal - RN, 59056-000, República Federativa do Brasil","738,740,97,98",4
OVERDOSE,P165,"Av Abel Cabral, 1628, Rio Grande Do Norte, Nova Parnamirim (Parnamirim)","745.2,97,98",3
OVERDOSE,P189,"Av Abel Cabral, 1566, Rio Grande Do Norte, Nova Parnamirim (Parnamirim)","97,98",2
PRAIA SHOPPING,P122,"Avenida Engenheiro Roberto Freire - Capim Macio, Natal - RN, Brasil",745.1,1
PRAIA SHOPPING,P145,"Avenida Engenheiro Roberto Freire - Capim Macio, Natal - RN, Brasil",745.2,1
PREFEITURA,P182,"Av Abel Cabral, 1992, Rio Grande Do Norte, Nova Parnamirim (Parnamirim)","97,98",2
PREFEITURA,P191,"Av Abel Cabral, 2020, Rio Grande Do Norte, Nova Parnamirim (Parnamirim)","97,98",2
TERMINAL,P002,"Av. Gastão Mariz de Faria, 817-1041 - Parque dos Eucaliptos, Parnamirim - RN, 59152-110, Brasil","738,740",2
TERMINAL,P086,"Av. Gastão Mariz de Faria, 850-994 - Parque dos Eucaliptos, Parnamirim - RN, 59152-110, Brasil","738,745.2",2
TERMINAL,P134,"Avenida Gastão Mariz de Faria, 976 - Nova Parnamirim, Natal - RN, Brasil",745.2,1
UNP,P119,"Avenida Engenheiro Roberto Freire, 1514 - Universidade Potiguar - Unp - Capim Macio, Natal - RN, Brasil",745.1,1
UNP,P147,"Av. Eng. Roberto Freire, 1347-2107 - Capim Macio, Natal - RN, 59080-400, Brasil",745.2,1
