linha,titulo_linha,seq,nome_raw,endereco_raw,arquivo,pagina
738,MARIA LACERDA – VIA ALECRIM,2,Terminal de Nova Parnamirim,"Rua Cupuaçu, 179-305 - Nova Parnamirim, Natal - RN, 59152-125, República Federativa do Brasil",linha738.pdf,1
738,MARIA LACERDA – VIA ALECRIM,3,PARADA TERMINAL IDA,"Av. Gastão Mariz de Faria, 817-1041 - Parque dos Eucaliptos, Parnamirim - RN, 59152-110, Brasil",linha738.pdf,1
738,MARIA LACERDA – VIA ALECRIM,4,PARADA CONDOMÍNIO ITATIAIA,"Avenida Gastão Mariz de Faria, 714-848 - Parque dos Eucaliptos, Parnamirim - RN, 59152-110, República Federativa do Brasil",linha738.pdf,1
738,MARIA LACERDA – VIA ALECRIM,5,PARADA BANCA PRÁTICA,"Avenida Gastão Mariz de Faria, 329-447 - Nova Parnamirim, RN, 59152-110, Brasil",linha738.pdf,1
738,MARIA LACERDA – VIA ALECRIM,6,PARADA IGREJA CRISTO NO BRASIL,"Nova Parnamirim, Parnamirim - RN, 59152-015, Brasil",linha738.pdf,1
738,MARIA LACERDA – VIA ALECRIM,7,PARADA DE FRENTE AO CEPE,"Av Ayrton Senna, 5628, Rio Grande Do Norte, Neopolis (Parnamirim)",linha738.pdf,1
738,MARIA LACERDA – VIA ALECRIM,8,PARADA LATERAL DO CEPE,"Avenida Maria Lacerda Montenegro, 3285-3399 - Nova Parnamirim, Parnamirim - RN, República Federativa do Brasil",linha738.pdf,1
738,MARIA LACERDA – VIA ALECRIM,9,PARADA JOANINHA BABY,"Avenida Maria Lacerda Montenegro, 2827 - Nova Parnamirim, Parnamirim - RN, Brasil",linha738.pdf,1
738,MARIA LACERDA – VIA ALECRIM,10,PARADA PITTS BURG,"Avenida Maria Lacerda Montenegro, 2487-2535 - Nova Parnamirim, Parnamirim - RN, República Federativa do Brasil",linha738.pdf,1
738,MARIA LACERDA – VIA ALECRIM,11,PARADA BONSAI SUSHI,"Avenida Maria Lacerda Montenegro, 2267-2317 - Nova Parnamirim, Parnamirim - RN, 59150-683, Brasil",linha738.pdf,1
738,MARIA LACERDA – VIA ALECRIM,12,PARADA MERCADINHO LJ,"Av. Maria Lacerda Montenegro, 1434-1502 - Parque dos Eucaliptos, Parnamirim - RN, 59152-600, Brasil",linha738.pdf,1
738,MARIA LACERDA – VIA ALECRIM,13,PARADA RESTAURANTE BOM DE BOCA,"Av. Maria Lacerda Montenegro, 1860-1914 - Parque dos Eucaliptos, Parnamirim - RN, 59152-600, Brasil",linha738.pdf,1
738,MARIA LACERDA – VIA ALECRIM,14,PARADA EM FRENTE AO NORDESTÃO,"Av Maria Lacerda Montenegro, 2092, Rio Grande Do Norte, Nova Parnamirim (Parnamirim)",linha738.pdf,1
738,MARIA LACERDA – VIA ALECRIM,15,PARADA RESTAURANTE CASA GRANDE,"Av. Maria Lacerda Montenegro, 2356-2408 - Parque do Pitimbu, Parnamirim - RN, 59152-600, Brasil",linha738.pdf,1
738,MARIA LACERDA – VIA ALECRIM,16,PARADA GRAMADO HALL MRV,"R. Gregório de Matos, 2 - Parque do Pitimbu, Parnamirim - RN, 59150-330, Brasil",linha738.pdf,1
738,MARIA LACERDA – VIA ALECRIM,17,PARADA SHOPPING REIS MAGOS,"Avenida Maria Lacerda Montenegro, 445-491 - Nova Parnamirim, Parnamirim - RN, 59150-683, Brasil",linha738.pdf,1
738,MARIA LACERDA – VIA ALECRIM,18,PARADA DA CAIXA ECONÔMICA IDA,"Avenida Maria Lacerda Montenegro, 387 - Nova Parnamirim, Parnamirim - RN, 59150-683, Brasil",linha738.pdf,1
738,MARIA LACERDA – VIA ALECRIM,19,PARADA MARCO ZERO.,"Avenida Maria Lacerda Montenegro, 12-68 - Nova Parnamirim, Parnamirim - RN, 59150-683, Brasil",linha738.pdf,1
738,MARIA LACERDA – VIA ALECRIM,20,PARADA ESPAÇO SALUTTE,"Rua Maria Dolores Costa, 13-15 - Nova Parnamirim, Parnamirim - RN, Brasil",linha738.pdf,1
738,MARIA LACERDA – VIA ALECRIM,21,PARADA KERO KERO,"Rodovia Governador Mário Covas, 8113 - Nova Parnamirim, Natal - RN, Brasil",linha738.pdf,1
738,MARIA LACERDA – VIA ALECRIM,22,PARADA AÇAI IDA,"Av. Sen. Salgado Filho - Pitimbu, Natal - RN, 59078-000, Brasil",linha738.pdf,1
738,MARIA LACERDA – VIA ALECRIM,23,PARADA ATACADÃO IDA,"Av. Sen. Salgado Filho - Pitimbu, Natal - RN, 59078-000, Brasil",linha738.pdf,1
738,MARIA LACERDA – VIA ALECRIM,24,PARADA MOTEL VISION,"Av. Sen. Salgado Filho - Candelária, Natal - RN, 59078-000, Brasil",linha738.pdf,1
738,MARIA LACERDA – VIA ALECRIM,25,PARADA EM FRENTE A SAMS CLUB,"Av. Sen. Salgado Filho - Pista Lateral, 4319-4437 - Neópolis, Natal - RN, Brasil",linha738.pdf,1
738,MARIA LACERDA – VIA ALECRIM,26,PARADA PASSARELA DE NEOPOLIS,"Avenida Senador Salgado Filho, S/N - Neópolis, Natal - RN, Brasil",linha738.pdf,1
738,MARIA LACERDA – VIA ALECRIM,27,PARADA DA HYUNDAI,"Rodovia Governador Mário Covas - Candelária, Natal - RN, 59064-741, Brasil",linha738.pdf,1
738,MARIA LACERDA – VIA ALECRIM,28,PARADA PG PRIME,"SEM NOME, Rio Grande Do Norte, Capim Macio (Natal)",linha738.pdf,1
738,MARIA LACERDA – VIA ALECRIM,29,PARADA ESTAÇÃO VIA DIRETA,"Natal Shopping - Avenida Senador Salgado Filho, 2234 - Lagoa Nova, Natal - RN, Brasil",linha738.pdf,1
738,MARIA LACERDA – VIA ALECRIM,30,PARADA PASSARELA DE POTILANDIA,"Avenida Senador Salgado Filho - Pista Lateral, 2507-2647 - Lagoa Nova, Natal - RN, República Federativa do Brasil",linha738.pdf,1
738,MARIA LACERDA – VIA ALECRIM,31,PARADA DA UNIVERSAL,"Avenida Senador Salgado Filho, 1961-2023 - Lagoa Nova, Natal - RN, República Federativa do Brasil",linha738.pdf,1
738,MARIA LACERDA – VIA ALECRIM,32,PARADA PIZZARIA DONA MARIA,"Avenida Senador Salgado Filho, 1511-1613 - Lagoa Nova, Natal - RN, 59056-000, República Federativa do Brasil",linha738.pdf,2
738,MARIA LACERDA – VIA ALECRIM,33,PARADA NORDESTÃO.,"Avenida Senador Salgado Filho, 959-1075 - Lagoa Nova, Natal - RN, 59056-000, República Federativa do Brasil",linha738.pdf,2
738,MARIA LACERDA – VIA ALECRIM,34,PARADA CONDOMÍNIO MORRO BRANCO,"Avenida Antônio Basílio, 3854-3930 - Lagoa Nova, Natal - RN, 59056-500, República Federativa do Brasil",linha738.pdf,2
738,MARIA LACERDA – VIA ALECRIM,35,PARADA MERCEARIA SR. ROCHA,"Rua Desembargador Antônio Cerejo, 1092 - Nova Descoberta, Natal - RN, 59056-360, República Federativa do Brasil",linha738.pdf,2
738,MARIA LACERDA – VIA ALECRIM,36,PARADA LATERAL DO IFRN,"Avenida Bernardo Vieira, 4167-4309 - Lagoa Nova, Natal - RN, 59051-000, República Federativa do Brasil",linha738.pdf,2
738,MARIA LACERDA – VIA ALECRIM,37,PARADA DO MID,"Avenida Bernardo Vieira, 3591-3999 - Lagoa Nova, Natal - RN, 59051-000, República Federativa do Brasil",linha738.pdf,2
738,MARIA LACERDA – VIA ALECRIM,38,PARADA IGREJA PENTECOSTAL DE JERUSALEM,"Avenida Presidente Bandeira, 2263-2337 - Lagoa Seca, Natal - RN, 59031-200, República Federativa do Brasil",linha738.pdf,2
738,MARIA LACERDA – VIA ALECRIM,39,PARADA STYLUS DECORAÇÕES,"Avenida Presidente Bandeira, 1153-1299 - Lagoa Seca, Natal - RN, 59031-200, República Federativa do Brasil",linha738.pdf,2
738,MARIA LACERDA – VIA ALECRIM,40,PP2,"Avenida Presidente Bandeira, 907-931 - Alecrim, Natal - RN, 59031-200, República Federativa do Brasil",linha738.pdf,2
738,MARIA LACERDA – VIA ALECRIM,41,PARADA MINISTÉRIO DO TRABALHO,"Avenida Presidente Bandeira, 815-905 - Alecrim, Natal - RN, 59031-200, República Federativa do Brasil",linha738.pdf,2
738,MARIA LACERDA – VIA ALECRIM,42,PARADA NICOLE MODAS,"Avenida Presidente Bandeira, 605-669 - Alecrim, Natal - RN, 59031-200, República Federativa do Brasil",linha738.pdf,2
738,MARIA LACERDA – VIA ALECRIM,43,PARADA DE FRENTE AO BRADESCO ALECRIM,"Avenida Presidente Bandeira, 473-509 - Alecrim, Natal - RN, 59040-200, República Federativa do Brasil",linha738.pdf,2
738,MARIA LACERDA – VIA ALECRIM,44,PARADA RESTAURANTE COMA BEM,"Avenida Coronel Estevam, 1-1283 - Alecrim, Natal - RN, 59030-000, República Federativa do Brasil",linha738.pdf,2
738,MARIA LACERDA – VIA ALECRIM,45,PARADA IGREJA CRISTÃ DAS NAÇÕES,"Rua Professor Luiz Soares, 3601-4381 - Alecrim, Natal - RN, 59037-510, República Federativa do Brasil",linha738.pdf,2
738,MARIA LACERDA – VIA ALECRIM,46,PARADA DO BAUDO,"Avenida Bernardo Viêira, 3491 - Quintas, Natal - RN, 59054-590, Brasil",linha738.pdf,2
738,MARIA LACERDA – VIA ALECRIM,47,PARADA DA CïA,"Avenida Rio Branco, 622-688 - Cidade Alta, Natal - RN, 59025-002, República Federativa do Brasil",linha738.pdf,2
738,MARIA LACERDA – VIA ALECRIM,48,PARADA AMERICANAS,"Avenida Rio Branco, 377-441 - Cidade Alta, Natal - RN, 59025-001, República Federativa do Brasil",linha738.pdf,2
738,MARIA LACERDA – VIA ALECRIM,49,Ribeira,"Velha - Praça Augusto Severo, Ribeira, Natal - RN, República Federativa do Brasil",linha738.pdf,2
738,MARIA LACERDA – VIA ALECRIM,50,PARADA PRAÇA 7 DE SETEMBRO,"Rua Ulisses Caldas, 38-60 - Cidade Alta, Natal - RN, 59025-090, República Federativa do Brasil",linha738.pdf,2
738,MARIA LACERDA – VIA ALECRIM,51,PARADA ANTES DA JANNA BABYS,"Rua Mossoró, 354-356 - Tirol, Natal - RN, 59020-090, República Federativa do Brasil",linha738.pdf,2
738,MARIA LACERDA – VIA ALECRIM,52,PARADA DA PRAÇA CÍVICA NILIO PEÇANHA,"Avenida Prudente de Morais, 143-257 - Petrópolis, Natal - RN, 59020-395, República Federativa do Brasil",linha738.pdf,2
738,MARIA LACERDA – VIA ALECRIM,53,PARADA CLINICA DE SANTA BEATRIZ,"Rua Coronel Joaquim Manoel, 580-612 - Petrópolis, Natal - RN, 59012-330, República Federativa do Brasil",linha738.pdf,2
738,MARIA LACERDA – VIA ALECRIM,54,PARADA PRAÇA DAS FLORES,"Rua Coronel Joaquim Manoel, 672-820 - Petrópolis, Natal - RN, 59012-330, República Federativa do Brasil",linha738.pdf,2
738,MARIA LACERDA – VIA ALECRIM,55,PARADA FARMAFORMULA,"Avenida Hermes da Fonseca, 2347-2455 - Petrópolis, Natal - RN, 59014-495, República Federativa do Brasil",linha738.pdf,2
738,MARIA LACERDA – VIA ALECRIM,56,PARADA DE FRENTE AO JUVENAL LAMARTINE,"Avenida Hermes da Fonseca, 2173-2247 - Tirol, Natal - RN, 59014-495, República Federativa do Brasil",linha738.pdf,2
738,MARIA LACERDA – VIA ALECRIM,57,PARADA FARMÁCIA PAGUE MENOS,"Avenida Hermes da Fonseca, 1677-1865 - Tirol, Natal - RN, 59020-000, República Federativa do Brasil",linha738.pdf,2
738,MARIA LACERDA – VIA ALECRIM,58,PARADA ESPAÇO REDUZIDO,"Avenida Hermes da Fonseca, 1219-1289 - Tirol, Natal - RN, 59020-145, República Federativa do Brasil",linha738.pdf,2
738,MARIA LACERDA – VIA ALECRIM,59,PARADA MARCATO,"Avenida Hermes da Fonseca, 781-1021 - Tirol, Natal - RN, 59020-315, República Federativa do Brasil",linha738.pdf,2
738,MARIA LACERDA – VIA ALECRIM,60,PARADA FINAL DO AEROCLUBE,"Avenida Hermes da Fonseca, 515-597 - Tirol, Natal - RN, 59020-650, República Federativa do Brasil",linha738.pdf,2
738,MARIA LACERDA – VIA ALECRIM,61,PARADA DO ANTIGO COLÉGIO BEREIANO,"Avenida Hermes da Fonseca, 2-116 - Tirol, Natal - RN, 59015-145, República Federativa do Brasil",linha738.pdf,2
738,MARIA LACERDA – VIA ALECRIM,62,PARADA FRENTE AO MID,"Avenida Senador Salgado Filho, 424-624 - Tirol, Natal - RN, 59022-000, República Federativa do Brasil",linha738.pdf,3
738,MARIA LACERDA – VIA ALECRIM,63,PARADA CONDOMÍNIO PAIS DE GALE,"Avenida Senador Salgado Filho, 1160-1258 - Lagoa Nova, Natal - RN, 59056-000, República Federativa do Brasil",linha738.pdf,3
738,MARIA LACERDA – VIA ALECRIM,64,PARADA PORTUGAL CENTER,"Avenida Senador Salgado Filho, 1511-1613 - Lagoa Nova, Natal - RN, 59056-000, República Federativa do Brasil",linha738.pdf,3
738,MARIA LACERDA – VIA ALECRIM,65,PARADA DOM GURMET,"Avenida Senador Salgado Filho, 1862-2012 - Lagoa Nova, Natal - RN, 59075-000, República Federativa do Brasil",linha738.pdf,3
738,MARIA LACERDA – VIA ALECRIM,66,PARADA POSTO ALVARO 105 GOVERNADORIA,"Avenida Senador Salgado Filho - Pista Lateral, 2682-2892 - Lagoa Nova, Natal - RN, República Federativa do Brasil",linha738.pdf,3
738,MARIA LACERDA – VIA ALECRIM,67,PARADA BANCO BRADESCO E ITAUBR,"Avenida Senador Salgado Filho - Pista Lateral, 2920-3012 - Candelária, Natal - RN, República Federativa do Brasil",linha738.pdf,3
738,MARIA LACERDA – VIA ALECRIM,68,PARADA ESTAÇÃO CARREFOUR,"Natal Shopping - Avenida Senador Salgado Filho, 2234 - Lagoa Nova, Natal - RN, Brasil",linha738.pdf,3
738,MARIA LACERDA – VIA ALECRIM,69,PARADA ANTIGA SALINAS,"Avenida Senador Salgado Filho, 3044 - Candelária, Natal - RN, Brasil",linha738.pdf,3
738,MARIA LACERDA – VIA ALECRIM,70,PARADA POSTO BR NOVO HORIZONTE,"Av. Sen. Salgado Filho - Candelária, Natal - RN, 59080-000, Brasil",linha738.pdf,3
738,MARIA LACERDA – VIA ALECRIM,71,PARADA PASSARELA NÉOPOLIS SENTIDO PARANAMIRIM,"Av. Sen. Salgado Filho - Candelária, Natal - RN, 59066-800, Brasil",linha738.pdf,3
738,MARIA LACERDA – VIA ALECRIM,72,PARADA DA SAMS CLUB SENTIDO PARNAMIRIM,"Av. Dão Silveira, 4323-4445 - Candelária, Natal - RN, Brasil",linha738.pdf,3
738,MARIA LACERDA – VIA ALECRIM,73,PARADA CAR BOX,"Av. Sen. Salgado Filho - Candelária, Natal - RN, 59080-000, Brasil",linha738.pdf,3
738,MARIA LACERDA – VIA ALECRIM,74,PARADA ATACADÃO,"Av. Sen. Salgado Filho - Pitimbu, Natal - RN, 59080-000, Brasil",linha738.pdf,3
738,MARIA LACERDA – VIA ALECRIM,75,PARADA DA DIVEP.,"Av Abel Cabral, 66, Rio Grande Do Norte, Nova Parnamirim (Parnamirim)",linha738.pdf,3
738,MARIA LACERDA – VIA ALECRIM,76,PARADA DA CAIXA ECONÔMICA DA MARIA LACERDA,"Av Maria Lacerda Montenegro, 3158, Rio Grande Do Norte, Nova Parnamirim (Parnamirim)",linha738.pdf,3
738,MARIA LACERDA – VIA ALECRIM,77,PARADA RESTAURANTE TEMPERO DA MARIA,"Av Maria Lacerda Montenegro, 2873, Rio Grande Do Norte, Nova Parnamirim (Parnamirim)",linha738.pdf,3
738,MARIA LACERDA – VIA ALECRIM,78,PARADA DO EXTRA,"Av Maria Lacerda Montenegro, 2623, Rio Grande Do Norte, Nova Parnamirim (Parnamirim)",linha738.pdf,3
738,MARIA LACERDA – VIA ALECRIM,79,PARADA DO COLINAS DO SOL,"Av Maria Lacerda Montenegro, 2229, Rio Grande Do Norte, Nova Parnamirim (Parnamirim)",linha738.pdf,3
738,MARIA LACERDA – VIA ALECRIM,80,PARADA CASA DO BOLO,"Av Maria Lacerda Montenegro, 1861, Rio Grande Do Norte, Nova Parnamirim (Parnamirim)",linha738.pdf,3
738,MARIA LACERDA – VIA ALECRIM,81,PARADA CLAUDI MOVEIS,"Av Maria Lacerda Montenegro, 1497, Rio Grande Do Norte, Nova Parnamirim (Parnamirim)",linha738.pdf,3
738,MARIA LACERDA – VIA ALECRIM,82,PARADA AÇAÍ BIRUTA,"Av Maria Lacerda Montenegro, 1211, Rio Grande Do Norte, Nova Parnamirim (Parnamirim)",linha738.pdf,3
738,MARIA LACERDA – VIA ALECRIM,83,PARADA RESTAURANTE BOM PREÇO,"Avenida Maria Lacerda Montenegro, 2380-2604 - Nova Parnamirim, Parnamirim - RN, República Federativa do Brasil",linha738.pdf,3
738,MARIA LACERDA – VIA ALECRIM,84,PARADA LATERAL DE CEPE VOLTA,"Av Maria Lacerda Montenegro, 66, Rio Grande Do Norte, Nova Parnamirim (Parnamirim)",linha738.pdf,3
738,MARIA LACERDA – VIA ALECRIM,85,PARADA HAMBURGO STYLE,"Avenida Gastão Mariz de Faria, 92-244 - Parque dos Eucaliptos, Parnamirim - RN, 59152-110, República Federativa do Brasil",linha738.pdf,3
738,MARIA LACERDA – VIA ALECRIM,86,PARADA CAMPO CERRADO,"Avenida Gastão Mariz de Faria, 538-610 - Parque dos Eucaliptos, Parnamirim - RN, 59152-110, República Federativa do Brasil",linha738.pdf,3
738,MARIA LACERDA – VIA ALECRIM,87,PARADA TERMINAL VOLTA,"Av. Gastão Mariz de Faria, 850-994 - Parque dos Eucaliptos, Parnamirim - RN, 59152-110, Brasil",linha738.pdf,3
738,MARIA LACERDA – VIA ALECRIM,88,PARADA EM FRENTE A KERO KERO.,"Av Sen. Salgado Filho, Rio Grande Do Norte, Candelaria (Natal)",linha738.pdf,3
740,MARIA LACERDA – VIA PRAÇA,2,Terminal de Nova Parnamirim,"Rua Cupuaçu, 179-305 - Nova Parnamirim, Natal - RN, 59152-125, República Federativa do Brasil",linha740.pdf,1
740,MARIA LACERDA – VIA PRAÇA,3,PARADA TERMINAL IDA,"Av. Gastão Mariz de Faria, 817-1041 - Parque dos Eucaliptos, Parnamirim - RN, 59152-110, Brasil",linha740.pdf,1
740,MARIA LACERDA – VIA PRAÇA,4,PARADA CONDOMÍNIO ITATIAIA,"Avenida Gastão Mariz de Faria, 714-848 - Parque dos Eucaliptos, Parnamirim - RN, 59152-110, República Federativa do Brasil",linha740.pdf,1
740,MARIA LACERDA – VIA PRAÇA,5,PARADA BANCA PRÁTICA,"Avenida Gastão Mariz de Faria, 329-447 - Nova Parnamirim, RN, 59152-110, Brasil",linha740.pdf,1
740,MARIA LACERDA – VIA PRAÇA,6,PARADA IGREJA CRISTO NO BRASIL,"Nova Parnamirim, Parnamirim - RN, 59152-015, Brasil",linha740.pdf,1
740,MARIA LACERDA – VIA PRAÇA,7,PARADA LATERAL DO CEPE,"Avenida Maria Lacerda Montenegro, 3285-3399 - Nova Parnamirim, Parnamirim - RN, República Federativa do Brasil",linha740.pdf,1
740,MARIA LACERDA – VIA PRAÇA,8,PARADA JOANINHA BABY,"Avenida Maria Lacerda Montenegro, 2827 - Nova Parnamirim, Parnamirim - RN, Brasil",linha740.pdf,1
740,MARIA LACERDA – VIA PRAÇA,9,PARADA PITTS BURG,"Avenida Maria Lacerda Montenegro, 2487-2535 - Nova Parnamirim, Parnamirim - RN, República Federativa do Brasil",linha740.pdf,1
740,MARIA LACERDA – VIA PRAÇA,10,PARADA BONSAI SUSHI,"Avenida Maria Lacerda Montenegro, 2267-2317 - Nova Parnamirim, Parnamirim - RN, 59150-683, Brasil",linha740.pdf,1
740,MARIA LACERDA – VIA PRAÇA,11,PARADA MERCADINHO LJ,"Av. Maria Lacerda Montenegro, 1434-1502 - Parque dos Eucaliptos, Parnamirim - RN, 59152-600, Brasil",linha740.pdf,1
740,MARIA LACERDA – VIA PRAÇA,12,PARADA RESTAURANTE BOM DE BOCA,"Av. Maria Lacerda Montenegro, 1860-1914 - Parque dos Eucaliptos, Parnamirim - RN, 59152-600, Brasil",linha740.pdf,1
740,MARIA LACERDA – VIA PRAÇA,13,PARADA EM FRENTE AO NORDESTÃO,"Av Maria Lacerda Montenegro, 2092, Rio Grande Do Norte, Nova Parnamirim (Parnamirim)",linha740.pdf,1
740,MARIA LACERDA – VIA PRAÇA,14,PARADA RESTAURANTE CASA GRANDE,"Av. Maria Lacerda Montenegro, 2356-2408 - Parque do Pitimbu, Parnamirim - RN, 59152-600, Brasil",linha740.pdf,1
740,MARIA LACERDA – VIA PRAÇA,15,PARADA GRAMADO HALL MRV,"R. Gregório de Matos, 2 - Parque do Pitimbu, Parnamirim - RN, 59150-330, Brasil",linha740.pdf,1
740,MARIA LACERDA – VIA PRAÇA,16,PARADA SHOPPING REIS MAGOS,"Avenida Maria Lacerda Montenegro, 445-491 - Nova Parnamirim, Parnamirim - RN, 59150-683, Brasil",linha740.pdf,1
740,MARIA LACERDA – VIA PRAÇA,17,PARADA DA CAIXA ECONÔMICA IDA,"Avenida Maria Lacerda Montenegro, 387 - Nova Parnamirim, Parnamirim - RN, 59150-683, Brasil",linha740.pdf,1
740,MARIA LACERDA – VIA PRAÇA,18,PARADA MARCO ZERO.,"Avenida Maria Lacerda Montenegro, 12-68 - Nova Parnamirim, Parnamirim - RN, 59150-683, Brasil",linha740.pdf,1
740,MARIA LACERDA – VIA PRAÇA,19,PARADA ESPAÇO SALLUTE,"Avenida Abel Cabral, 2 - Clube do Pitimbu, Natal - RN, Brasil",linha740.pdf,1
740,MARIA LACERDA – VIA PRAÇA,20,PARADA MARCO ZERO MARCO AÇAÍ,"Rua Maria Dolores Costa, 373-517 - Nova Parnamirim, Parnamirim - RN, Brasil",linha740.pdf,1
740,MARIA LACERDA – VIA PRAÇA,21,PARADA ESPAÇO SALUTTE,"Rua Maria Dolores Costa, 13-15 - Nova Parnamirim, Parnamirim - RN, Brasil",linha740.pdf,1
740,MARIA LACERDA – VIA PRAÇA,22,PARADA KERO KERO,"Rodovia Governador Mário Covas, 8113 - Nova Parnamirim, Natal - RN, Brasil",linha740.pdf,1
740,MARIA LACERDA – VIA PRAÇA,23,PARADA AÇAI IDA,"Av. Sen. Salgado Filho - Pitimbu, Natal - RN, 59078-000, Brasil",linha740.pdf,1
740,MARIA LACERDA – VIA PRAÇA,24,PARADA ATACADÃO IDA,"Av. Sen. Salgado Filho - Pitimbu, Natal - RN, 59078-000, Brasil",linha740.pdf,1
740,MARIA LACERDA – VIA PRAÇA,25,PARADA MOTEL VISION,"Av. Sen. Salgado Filho - Candelária, Natal - RN, 59078-000, Brasil",linha740.pdf,1
740,MARIA LACERDA – VIA PRAÇA,26,PARADA EM FRENTE A SAMS CLUB,"Av. Sen. Salgado Filho - Pista Lateral, 4319-4437 - Neópolis, Natal - RN, Brasil",linha740.pdf,1
740,MARIA LACERDA – VIA PRAÇA,27,PARADA PASSARELA DE NEOPOLIS,"Avenida Senador Salgado Filho, S/N - Neópolis, Natal - RN, Brasil",linha740.pdf,1
740,MARIA LACERDA – VIA PRAÇA,28,PARADA DA HYUNDAI,"Rodovia Governador Mário Covas - Candelária, Natal - RN, 59064-741, Brasil",linha740.pdf,1
740,MARIA LACERDA – VIA PRAÇA,29,PARADA PG PRIME,"SEM NOME, Rio Grande Do Norte, Capim Macio (Natal)",linha740.pdf,1
740,MARIA LACERDA – VIA PRAÇA,30,PARADA ESTAÇÃO VIA DIRETA,"Natal Shopping - Avenida Senador Salgado Filho, 2234 - Lagoa Nova, Natal - RN, Brasil",linha740.pdf,1
740,MARIA LACERDA – VIA PRAÇA,31,PARADA PASSARELA DE POTILANDIA,"Avenida Senador Salgado Filho - Pista Lateral, 2507-2647 - Lagoa Nova, Natal - RN, República Federativa do Brasil",linha740.pdf,1
740,MARIA LACERDA – VIA PRAÇA,32,PARADA DA UNIVERSAL,"Avenida Senador Salgado Filho, 1961-2023 - Lagoa Nova, Natal - RN, República Federativa do Brasil",linha740.pdf,2
740,MARIA LACERDA – VIA PRAÇA,33,PARADA PIZZARIA DONA MARIA,"Avenida Senador Salgado Filho, 1511-1613 - Lagoa Nova, Natal - RN, 59056-000, República Federativa do Brasil",linha740.pdf,2
740,MARIA LACERDA – VIA PRAÇA,34,PARADA NORDESTÃO.,"Avenida Senador Salgado Filho, 959-1075 - Lagoa Nova, Natal - RN, 59056-000, República Federativa do Brasil",linha740.pdf,2
740,MARIA LACERDA – VIA PRAÇA,35,PARADA IFRN,"Avenida Senador Salgado Filho, 353-437 - Tirol, Natal - RN, 59015-000, República Federativa do Brasil",linha740.pdf,2
740,MARIA LACERDA – VIA PRAÇA,36,PARADA VILLA PARK,"Rua Nossa Senhora de Lourdes, 1-247 - Tirol, Natal - RN, 59015-260, República Federativa do Brasil",linha740.pdf,2
740,MARIA LACERDA – VIA PRAÇA,37,PARADA DO BATALHÃO 16,"Avenida Hermes da Fonseca, 366-482 - Tirol, Natal - RN, 59015-145, República Federativa do Brasil",linha740.pdf,2
740,MARIA LACERDA – VIA PRAÇA,38,PARADA IDEA DE MOVEIS,"Avenida Hermes da Fonseca, 804-866 - Tirol, Natal - RN, 59014-615, República Federativa do Brasil",linha740.pdf,2
740,MARIA LACERDA – VIA PRAÇA,39,PARADA UNIVERSIDADE DA PICANHA,"Avenida Hermes da Fonseca, 1182-1252 - Tirol, Natal - RN, 59014-615, República Federativa do Brasil",linha740.pdf,2
740,MARIA LACERDA – VIA PRAÇA,40,PARADA BIENOVA,"Avenida Hermes da Fonseca, 1736-1804 - Tirol, Natal - RN, 59014-555, República Federativa do Brasil",linha740.pdf,2
740,MARIA LACERDA – VIA PRAÇA,41,CAMPO JUVENAL LAMARTINE,"Avenida Hermes da Fonseca, 2000-2064 - Tirol, Natal - RN, 59014-495, República Federativa do Brasil",linha740.pdf,2
740,MARIA LACERDA – VIA PRAÇA,42,PARADA PRÉDIO VELHO,"Avenida Hermes da Fonseca, 2394-2468 - Petrópolis, Natal - RN, 59014-165, República Federativa do Brasil",linha740.pdf,2
740,MARIA LACERDA – VIA PRAÇA,43,PARADA MERCADO PETROPOLIS,"Avenida Hermes da Fonseca, 2644-2702 - Petrópolis, Natal - RN, 59014-165, República Federativa do Brasil",linha740.pdf,2
740,MARIA LACERDA – VIA PRAÇA,44,PARADA HARMONY MEDICAL CENTER,"Rua Coronel Joaquim Manoel, 607-625 - Petrópolis, Natal - RN, 59012-330, República Federativa do Brasil",linha740.pdf,2
740,MARIA LACERDA – VIA PRAÇA,45,PARADA PRAÇA CIVICA,"Rua Traíri, 443-445 - Petrópolis, Natal - RN, 59020-150, República Federativa do Brasil",linha740.pdf,2
740,MARIA LACERDA – VIA PRAÇA,46,HOSPITAL VARELA SANTIAGO,"Avenida Deodoro da Fonseca, 1045-1111 - Cidade Alta, Natal - RN, 59025-600, República Federativa do Brasil",linha740.pdf,2
740,MARIA LACERDA – VIA PRAÇA,47,PARADA BANCO ITAU CIDADE,"Avenida Deodoro da Fonseca, 759-779 - Cidade Alta, Natal - RN, 59025-600, República Federativa do Brasil",linha740.pdf,2
740,MARIA LACERDA – VIA PRAÇA,48,PARADA ARQUIVO TRIBUNAL DE JUSTIÇA,"Rua Apodi, 252 - Cidade Alta, Natal - RN, 59025-170, República Federativa do Brasil",linha740.pdf,2
740,MARIA LACERDA – VIA PRAÇA,49,PARADA DA CïA,"Avenida Rio Branco, 622-688 - Cidade Alta, Natal - RN, 59025-002, República Federativa do Brasil",linha740.pdf,2
740,MARIA LACERDA – VIA PRAÇA,50,PARADA AMERICANAS,"Avenida Rio Branco, 377-441 - Cidade Alta, Natal - RN, 59025-001, República Federativa do Brasil",linha740.pdf,2
740,MARIA LACERDA – VIA PRAÇA,51,Ribeira,"Velha - Praça Augusto Severo, Ribeira, Natal - RN, República Federativa do Brasil",linha740.pdf,2
740,MARIA LACERDA – VIA PRAÇA,52,PRAÇA PRAÇA JOÃO TIBURCIO,"Rua Padre João Manoel, 757-831 - Cidade Alta, Natal - RN, 59025-350, República Federativa do Brasil",linha740.pdf,2
740,MARIA LACERDA – VIA PRAÇA,53,PARADA DO BALDO VOLTA,"R Pe. Pinto, Rio Grande Do Norte, Cidade Alta (Natal)",linha740.pdf,2
740,MARIA LACERDA – VIA PRAÇA,54,PARADA CEMITÉRIO DO ALECRIM,"Avenida Fonseca E Silva, 81-169 - Alecrim, Natal - RN, 59020-600, República Federativa do Brasil",linha740.pdf,2
740,MARIA LACERDA – VIA PRAÇA,55,PARADA INSINUANTE ALECRIM,"Rua Amaro Barreto, 51-1281 - Alecrim, Natal - RN, 59031-450, República Federativa do Brasil",linha740.pdf,2
740,MARIA LACERDA – VIA PRAÇA,56,PARADA DEPOIS DO BRADESCO ALECRIM,"Avenida Presidente Bandeira, 508-544 - Alecrim, Natal - RN, 59037-200, República Federativa do Brasil",linha740.pdf,2
740,MARIA LACERDA – VIA PRAÇA,57,PARADA DA LAMPADINHA ALECRIM,"Avenida Presidente Bandeira, 866-906 - Alecrim, Natal - RN, 59030-200, República Federativa do Brasil",linha740.pdf,2
740,MARIA LACERDA – VIA PRAÇA,58,PARADA MARTELINHO DE OURO,"Avenida Presidente Bandeira, 974-1152 - Lagoa Seca, Natal - RN, 59030-200, República Federativa do Brasil",linha740.pdf,2
740,MARIA LACERDA – VIA PRAÇA,59,PARADA AROLDO AUTO PEÇAS,"Avenida Presidente Bandeira, 1640-1830 - Lagoa Seca, Natal - RN, 59030-200, República Federativa do Brasil",linha740.pdf,2
740,MARIA LACERDA – VIA PRAÇA,60,PARADA POSTO BR PRÓXIMO AO MID,"Avenida Bernardo Vieira, 3336-3588 - Lagoa Nova, Natal - RN, 59056-045, República Federativa do Brasil",linha740.pdf,2
740,MARIA LACERDA – VIA PRAÇA,61,PARADA EM FRENTE AO MID,"Avenida Bernardo Vieira, 3591-3999 - Lagoa Nova, Natal - RN, 59051-000, República Federativa do Brasil",linha740.pdf,2
740,MARIA LACERDA – VIA PRAÇA,62,PARADA CONDOMÍNIO PAIS DE GALE,"Avenida Senador Salgado Filho, 1160-1258 - Lagoa Nova, Natal - RN, 59056-000, República Federativa do Brasil",linha740.pdf,2
740,MARIA LACERDA – VIA PRAÇA,63,PARADA PORTUGAL CENTER,"Avenida Senador Salgado Filho, 1511-1613 - Lagoa Nova, Natal - RN, 59056-000, República Federativa do Brasil",linha740.pdf,3
740,MARIA LACERDA – VIA PRAÇA,64,PARADA DOM GURMET,"Avenida Senador Salgado Filho, 1862-2012 - Lagoa Nova, Natal - RN, 59075-000, República Federativa do Brasil",linha740.pdf,3
740,MARIA LACERDA – VIA PRAÇA,65,PARADA POSTO ALVARO 105 GOVERNADORIA,"Avenida Senador Salgado Filho - Pista Lateral, 2682-2892 - Lagoa Nova, Natal - RN, República Federativa do Brasil",linha740.pdf,3
740,MARIA LACERDA – VIA PRAÇA,66,PARADA ESTAÇÃO CARREFOUR,"Natal Shopping - Avenida Senador Salgado Filho, 2234 - Lagoa Nova, Natal - RN, Brasil",linha740.pdf,3
740,MARIA LACERDA – VIA PRAÇA,67,PARADA ANTIGA SALINAS,"Avenida Senador Salgado Filho, 3044 - Candelária, Natal - RN, Brasil",linha740.pdf,3
740,MARIA LACERDA – VIA PRAÇA,68,PARADA POSTO BR NOVO HORIZONTE,"Av. Sen. Salgado Filho - Candelária, Natal - RN, 59080-000, Brasil",linha740.pdf,3
740,MARIA LACERDA – VIA PRAÇA,69,PARADA PASSARELA NÉOPOLIS SENTIDO PARANAMIRIM,"Av. Sen. Salgado Filho - Candelária, Natal - RN, 59066-800, Brasil",linha740.pdf,3
740,MARIA LACERDA – VIA PRAÇA,70,PARADA DA SAMS CLUB SENTIDO PARNAMIRIM,"Av. Dão Silveira, 4323-4445 - Candelária, Natal - RN, Brasil",linha740.pdf,3
740,MARIA LACERDA – VIA PRAÇA,71,PARADA CAR BOX,"Av. Sen. Salgado Filho - Candelária, Natal - RN, 59080-000, Brasil",linha740.pdf,3
740,MARIA LACERDA – VIA PRAÇA,72,PARADA ATACADÃO,"Av. Sen. Salgado Filho - Pitimbu, Natal - RN, 59080-000, Brasil",linha740.pdf,3
740,MARIA LACERDA – VIA PRAÇA,73,PARDA EM FRENTE A KERO KERO,"Av. Sen. Salgado Filho - Pitimbu, Natal - RN, 59086-000, Brasil",linha740.pdf,3
740,MARIA LACERDA – VIA PRAÇA,74,PARADA DA DIVEP.,"Av Abel Cabral, 66, Rio Grande Do Norte, Nova Parnamirim (Parnamirim)",linha740.pdf,3
740,MARIA LACERDA – VIA PRAÇA,75,PARADA DA CAIXA ECONÔMICA DA MARIA LACERDA,"Av Maria Lacerda Montenegro, 3158, Rio Grande Do Norte, Nova Parnamirim (Parnamirim)",linha740.pdf,3
740,MARIA LACERDA – VIA PRAÇA,76,PARADA RESTAURANTE TEMPERO DA MARIA,"Av Maria Lacerda Montenegro, 2873, Rio Grande Do Norte, Nova Parnamirim (Parnamirim)",linha740.pdf,3
740,MARIA LACERDA – VIA PRAÇA,77,PARADA DO EXTRA,"Av Maria Lacerda Montenegro, 2623, Rio Grande Do Norte, Nova Parnamirim (Parnamirim)",linha740.pdf,3
740,MARIA LACERDA – VIA PRAÇA,78,PARADA DO COLINAS DO SOL,"Av Maria Lacerda Montenegro, 2229, Rio Grande Do Norte, Nova Parnamirim (Parnamirim)",linha740.pdf,3
740,MARIA LACERDA – VIA PRAÇA,79,PARADA CASA DO BOLO,"Av Maria Lacerda Montenegro, 1861, Rio Grande Do Norte, Nova Parnamirim (Parnamirim)",linha740.pdf,3
740,MARIA LACERDA – VIA PRAÇA,80,PARADA CLAUDI MOVEIS,"Av Maria Lacerda Montenegro, 1497, Rio Grande Do Norte, Nova Parnamirim (Parnamirim)",linha740.pdf,3
740,MARIA LACERDA – VIA PRAÇA,81,PARADA AÇAÍ BIRUTA,"Av Maria Lacerda Montenegro, 1211, Rio Grande Do Norte, Nova Parnamirim (Parnamirim)",linha740.pdf,3
740,MARIA LACERDA – VIA PRAÇA,82,PARADA RESTAURANTE BOM PREÇO,"Avenida Maria Lacerda Montenegro, 2380-2604 - Nova Parnamirim, Parnamirim - RN, República Federativa do Brasil",linha740.pdf,3
740,MARIA LACERDA – VIA PRAÇA,83,PARADA LATERAL DE CEPE VOLTA,"Av Maria Lacerda Montenegro, 66, Rio Grande Do Norte, Nova Parnamirim (Parnamirim)",linha740.pdf,3
740,MARIA LACERDA – VIA PRAÇA,84,PARADA HAMBURGO STYLE,"Avenida Gastão Mariz de Faria, 92-244 - Parque dos Eucaliptos, Parnamirim - RN, 59152-110, República Federativa do Brasil",linha740.pdf,3
740,MARIA LACERDA – VIA PRAÇA,85,PARADA CAMPO CERRADO,"Avenida Gastão Mariz de Faria, 538-610 - Parque dos Eucaliptos, Parnamirim - RN, 59152-110, República Federativa do Brasil",linha740.pdf,3
745.1,CIRCULAR PONTA NEGRA VIA MARIA LACERDA,2,Terminal de Nova Parnamirim,"Rua Cupuaçu, 179-305 - Nova Parnamirim, Natal - RN, 59152-125, República Federativa do Brasil",linha745-1.pdf,1
745.1,CIRCULAR PONTA NEGRA VIA MARIA LACERDA,3,PARADA CONDOMÍNIO ITATIAIA,"Avenida Gastão Mariz de Faria, 714-848 - Parque dos Eucaliptos, Parnamirim - RN, 59152-110, República Federativa do Brasil",linha745-1.pdf,1
745.1,CIRCULAR PONTA NEGRA VIA MARIA LACERDA,4,PARADA BANCA PRÁTICA,"Avenida Gastão Mariz de Faria, 329-447 - Nova Parnamirim, RN, 59152-110, Brasil",linha745-1.pdf,1
745.1,CIRCULAR PONTA NEGRA VIA MARIA LACERDA,5,PARADA IGREJA CRISTO NO BRASIL,"Nova Parnamirim, Parnamirim - RN, 59152-015, Brasil",linha745-1.pdf,1
745.1,CIRCULAR PONTA NEGRA VIA MARIA LACERDA,6,PARADA EM FRENTE AO CEPE,"Av. Ayrton Senna, 5320-5724 - Parque dos Eucaliptos, Parnamirim - RN, 59088-100, Brasil",linha745-1.pdf,1
745.1,CIRCULAR PONTA NEGRA VIA MARIA LACERDA,7,PARADA LATERAL DO CEPE,"Avenida Maria Lacerda Montenegro, 3285-3399 - Nova Parnamirim, Parnamirim - RN, República Federativa do Brasil",linha745-1.pdf,1
745.1,CIRCULAR PONTA NEGRA VIA MARIA LACERDA,8,PARADA JOANINHA BABY,"Avenida Maria Lacerda Montenegro, 2827 - Nova Parnamirim, Parnamirim - RN, Brasil",linha745-1.pdf,1
745.1,CIRCULAR PONTA NEGRA VIA MARIA LACERDA,9,PARADA PITTS BURG,"Avenida Maria Lacerda Montenegro, 2487-2535 - Nova Parnamirim, Parnamirim - RN, República Federativa do Brasil",linha745-1.pdf,1
745.1,CIRCULAR PONTA NEGRA VIA MARIA LACERDA,10,PARADA BONSAI SUSHI,"Avenida Maria Lacerda Montenegro, 2267-2317 - Nova Parnamirim, Parnamirim - RN, 59150-683, Brasil",linha745-1.pdf,1
745.1,CIRCULAR PONTA NEGRA VIA MARIA LACERDA,11,PARADA MERCADINHO LJ,"Av. Maria Lacerda Montenegro, 1434-1502 - Parque dos Eucaliptos, Parnamirim - RN, 59152-600, Brasil",linha745-1.pdf,1
745.1,CIRCULAR PONTA NEGRA VIA MARIA LACERDA,12,PARADA RESTAURANTE BOM DE BOCA,"Av. Maria Lacerda Montenegro, 1860-1914 - Parque dos Eucaliptos, Parnamirim - RN, 59152-600, Brasil",linha745-1.pdf,1
745.1,CIRCULAR PONTA NEGRA VIA MARIA LACERDA,13,PARADA NORDESTÃO,"Av. Maria Lacerda Montenegro, 2028-2168 - Parque dos Eucaliptos, Parnamirim - RN, 59152-600, Brasil",linha745-1.pdf,1
745.1,CIRCULAR PONTA NEGRA VIA MARIA LACERDA,14,PARADA RESTAURANTE CASA GRANDE,"Av. Maria Lacerda Montenegro, 2356-2408 - Parque do Pitimbu, Parnamirim - RN, 59152-600, Brasil",linha745-1.pdf,1
745.1,CIRCULAR PONTA NEGRA VIA MARIA LACERDA,15,PARADA GRAMADO HALL MRV,"R. Gregório de Matos, 2 - Parque do Pitimbu, Parnamirim - RN, 59150-330, Brasil",linha745-1.pdf,1
745.1,CIRCULAR PONTA NEGRA VIA MARIA LACERDA,16,PARADA SHOPPING REIS MAGOS,"Avenida Maria Lacerda Montenegro, 445-491 - Nova Parnamirim, Parnamirim - RN, 59150-683, Brasil",linha745-1.pdf,1
745.1,CIRCULAR PONTA NEGRA VIA MARIA LACERDA,17,PARADA DA CAIXA ECONÔMICA IDA,"Avenida Maria Lacerda Montenegro, 387 - Nova Parnamirim, Parnamirim - RN, 59150-683, Brasil",linha745-1.pdf,1
745.1,CIRCULAR PONTA NEGRA VIA MARIA LACERDA,18,PARADA MARCO ZERO MARCO AÇAÍ,"Rua Maria Dolores Costa, 373-517 - Nova Parnamirim, Parnamirim - RN, Brasil",linha745-1.pdf,1
745.1,CIRCULAR PONTA NEGRA VIA MARIA LACERDA,19,PARADA ESPAÇO SALUTTE,"Rua Maria Dolores Costa, 13-15 - Nova Parnamirim, Parnamirim - RN, Brasil",linha745-1.pdf,1
745.1,CIRCULAR PONTA NEGRA VIA MARIA LACERDA,20,PARADA KERO KERO,"Rodovia Governador Mário Covas, 8113 - Nova Parnamirim, Natal - RN, Brasil",linha745-1.pdf,1
745.1,CIRCULAR PONTA NEGRA VIA MARIA LACERDA,21,PARADA AÇAI IDA,"Av. Sen. Salgado Filho - Pitimbu, Natal - RN, 59078-000, Brasil",linha745-1.pdf,1
745.1,CIRCULAR PONTA NEGRA VIA MARIA LACERDA,22,PARADA ATACADÃO IDA,"Av. Sen. Salgado Filho - Pitimbu, Natal - RN, 59078-000, Brasil",linha745-1.pdf,1
745.1,CIRCULAR PONTA NEGRA VIA MARIA LACERDA,23,PARADA MOTEL VISION,"Av. Sen. Salgado Filho - Candelária, Natal - RN, 59078-000, Brasil",linha745-1.pdf,1
745.1,CIRCULAR PONTA NEGRA VIA MARIA LACERDA,24,PARADA EM FRENTE A SAMS CLUB,"Av. Sen. Salgado Filho - Pista Lateral, 4319-4437 - Neópolis, Natal - RN, Brasil",linha745-1.pdf,1
745.1,CIRCULAR PONTA NEGRA VIA MARIA LACERDA,25,PARADA PASSARELA DE NEOPOLIS,"Avenida Senador Salgado Filho, S/N - Neópolis, Natal - RN, Brasil",linha745-1.pdf,1
745.1,CIRCULAR PONTA NEGRA VIA MARIA LACERDA,26,PARADA DA HYUNDAI,"Rodovia Governador Mário Covas - Candelária, Natal - RN, 59064-741, Brasil",linha745-1.pdf,1
745.1,CIRCULAR PONTA NEGRA VIA MARIA LACERDA,27,PARADA PG PRIME,"SEM NOME, Rio Grande Do Norte, Capim Macio (Natal)",linha745-1.pdf,1
745.1,CIRCULAR PONTA NEGRA VIA MARIA LACERDA,28,PARADA ESTAÇÃO VIA DIRETA,"Natal Shopping - Avenida Senador Salgado Filho, 2234 - Lagoa Nova, Natal - RN, Brasil",linha745-1.pdf,1
745.1,CIRCULAR PONTA NEGRA VIA MARIA LACERDA,30,PN329,"Universidade Federal do Rio Grande do Norte (UFRN), Av. João Medeiros - Lagoa Nova, Natal - RN, Brasil",linha745-1.pdf,1
745.1,CIRCULAR PONTA NEGRA VIA MARIA LACERDA,31,PARADA ESTAÇÃO CARREFOUR,"Natal Shopping - Avenida Senador Salgado Filho, 2234 - Lagoa Nova, Natal - RN, Brasil",linha745-1.pdf,1
745.1,CIRCULAR PONTA NEGRA VIA MARIA LACERDA,32,PARADA CIDADE JARDIM,"R. Leôncio Etelvino de Medeiros, 2920-2928 - Capim Macio, Natal - RN, 59078-570, Brasil",linha745-1.pdf,1
745.1,CIRCULAR PONTA NEGRA VIA MARIA LACERDA,33,PARADA SANTANDER,"R. Leôncio Etelvino de Medeiros, 3056-3164 - Capim Macio, Natal - RN, 59078-570, Brasil",linha745-1.pdf,2
745.1,CIRCULAR PONTA NEGRA VIA MARIA LACERDA,34,PARADA MAURICIO DE NASSAU,"Av. Eng. Roberto Freire, 512-626 - Capim Macio, Natal - RN, 59080-400, Brasil",linha745-1.pdf,2
745.1,CIRCULAR PONTA NEGRA VIA MARIA LACERDA,35,PARADA EXTRA,"Av. Eng. Roberto Freire, 780-1020 - Capim Macio, Natal - RN, 59082-400, Brasil",linha745-1.pdf,2
745.1,CIRCULAR PONTA NEGRA VIA MARIA LACERDA,36,SHOPPING SEEWAY,"Av. Eng. Roberto Freire, 1188-1348 - Capim Macio, Natal - RN, 59082-400, Brasil",linha745-1.pdf,2
745.1,CIRCULAR PONTA NEGRA VIA MARIA LACERDA,37,PARADA UNP,"Avenida Engenheiro Roberto Freire, 1514 - Universidade Potiguar - Unp - Capim Macio, Natal - RN, Brasil",linha745-1.pdf,2
745.1,CIRCULAR PONTA NEGRA VIA MARIA LACERDA,38,PARADA TABUA DE CARNE,"Avenida Engenheiro Roberto Freire, 2250 - Capim Macio, Natal - RN, Brasil",linha745-1.pdf,2
745.1,CIRCULAR PONTA NEGRA VIA MARIA LACERDA,39,PARADA ESTÁCIO,"Avenida Engenheiro Roberto Freire - Capim Macio, Natal - RN, Brasil",linha745-1.pdf,2
745.1,CIRCULAR PONTA NEGRA VIA MARIA LACERDA,40,PARADA PRAIA SHOPPING,"Avenida Engenheiro Roberto Freire - Capim Macio, Natal - RN, Brasil",linha745-1.pdf,2
745.1,CIRCULAR PONTA NEGRA VIA MARIA LACERDA,41,PARADA DA FEIRA DE ARTESANATO,"Av. Eng. Roberto Freire, 2793-2943 - Ponta Negra, Natal - RN, 59080-400, Brasil",linha745-1.pdf,2
745.1,CIRCULAR PONTA NEGRA VIA MARIA LACERDA,42,PARADA BAR E PALESI,"Avenida Engenheiro Roberto Freire, 26-9028 - Ponta Negra, Natal - RN, Brasil",linha745-1.pdf,2
745.1,CIRCULAR PONTA NEGRA VIA MARIA LACERDA,43,PARADA DO DECKY BAR,"RN-063, 2-4 - Ponta Negra, Natal - RN, Brasil",linha745-1.pdf,2
745.1,CIRCULAR PONTA NEGRA VIA MARIA LACERDA,44,PARADA DA CIGARREIRA ROTA DO SOL,"Av. Praia de Pirangi, 322-406 - Ponta Negra, Natal - RN, 59092-300, Brasil",linha745-1.pdf,2
745.1,CIRCULAR PONTA NEGRA VIA MARIA LACERDA,45,PARADA DO POSTO SHELL,"Av. Praia de Pirangi, 408-740 - Ponta Negra, Natal - RN, 59092-300, Brasil",linha745-1.pdf,2
745.1,CIRCULAR PONTA NEGRA VIA MARIA LACERDA,46,PARADA DOLCE AMORE,"Avenida Praia de Pirangi, 5065-5099 - Ponta Negra, Natal - RN, Brasil",linha745-1.pdf,2
745.1,CIRCULAR PONTA NEGRA VIA MARIA LACERDA,47,PN345,"Avenida Praia de Pirangi, 1440-1528 - Ponta Negra, Natal - RN, 59092-300, Brasil",linha745-1.pdf,2
745.1,CIRCULAR PONTA NEGRA VIA MARIA LACERDA,48,PARADA DA ROTATORIA,"Avenida Praia de Pirangi, 1956-2012 - Ponta Negra, Natal - RN, 59092-300, República Federativa do Brasil",linha745-1.pdf,2
745.1,CIRCULAR PONTA NEGRA VIA MARIA LACERDA,49,PARADA SOLAR ENERGIAS RENOVAVEIS,"Rua Alfredo Dias de Figueiredo, 993-997 - Ponta Negra, Natal - RN, 59092-570, Brasil",linha745-1.pdf,2
745.1,CIRCULAR PONTA NEGRA VIA MARIA LACERDA,50,PARADA IGREJA PENTECOSTAL,"Rua Alfredo Dias de Figueiredo, 587-679 - Ponta Negra, Natal - RN, 59092-570, Brasil",linha745-1.pdf,2
745.1,CIRCULAR PONTA NEGRA VIA MARIA LACERDA,51,PARADA IGREJA GUERREIROS DA ORAÇÃO,"Rua Angelim, 2-110 - Nova Parnamirim, Natal - RN, 59152-110, Brasil",linha745-1.pdf,2
745.2,CIRCULAR PONTA NEGRA VIA ABEL CABRAL,2,TERMINAL,"Avenida Gastão Mariz de Faria, 976 - Nova Parnamirim, Natal - RN, Brasil",linha745-2.pdf,1
745.2,CIRCULAR PONTA NEGRA VIA ABEL CABRAL,3,PARADA IGREJA PETENCOSTAL,"R. Alfredo Dias de Figueiredo, 2189-2733 - Ponta Negra, Natal - RN, 59092-570, Brasil",linha745-2.pdf,1
745.2,CIRCULAR PONTA NEGRA VIA ABEL CABRAL,4,PARADA DA ROTATORIA PN,"Av. Praia de Pirangi, 1745-2069 - Ponta Negra, Natal - RN, 59092-300, Brasil",linha745-2.pdf,1
745.2,CIRCULAR PONTA NEGRA VIA ABEL CABRAL,5,PARADA DO FRASQUEIRÃO,"Av. Praia de Pirangi, 1565-1671 - Ponta Negra, Natal - RN, 59092-300, Brasil",linha745-2.pdf,1
745.2,CIRCULAR PONTA NEGRA VIA ABEL CABRAL,6,PARADA ESTRELA DO ATLÂNTICO,"Av. Praia de Pirangi, 1003-1139 - Ponta Negra, Natal - RN, 59092-300, Brasil",linha745-2.pdf,1
745.2,CIRCULAR PONTA NEGRA VIA ABEL CABRAL,7,PARADA MARITIMOS BAR,"Av. Praia de Pirangi, 575-1001 - Ponta Negra, Natal - RN, 59092-300, Brasil",linha745-2.pdf,1
745.2,CIRCULAR PONTA NEGRA VIA ABEL CABRAL,8,PARADA CHIC PIZZA,"Av. Praia de Pirangi, 317-441 - Ponta Negra, Natal - RN, 59092-300, Brasil",linha745-2.pdf,1
745.2,CIRCULAR PONTA NEGRA VIA ABEL CABRAL,9,PARADA ROTA DO SOL,"Av. Praia de Pirangi, 83-315 - Ponta Negra, Natal - RN, 59092-300, Brasil",linha745-2.pdf,1
745.2,CIRCULAR PONTA NEGRA VIA ABEL CABRAL,10,PARADA EM FRENTE AO DECKY,"Av. Eng. Roberto Freire, 3515-3647 - Ponta Negra, Natal - RN, 59080-400, Brasil",linha745-2.pdf,1
745.2,CIRCULAR PONTA NEGRA VIA ABEL CABRAL,11,PARADA EM FRENTE AO BARI PALESI,"Av. Eng. Roberto Freire, 3119-3273 - Ponta Negra, Natal - RN, 59080-400, Brasil",linha745-2.pdf,1
745.2,CIRCULAR PONTA NEGRA VIA ABEL CABRAL,12,PARADA DO CAMARÕES,"Av. Eng. Roberto Freire, 2677-2773 - Ponta Negra, Natal - RN, 59080-400, Brasil",linha745-2.pdf,1
745.2,CIRCULAR PONTA NEGRA VIA ABEL CABRAL,13,PARADA EM FRENTE AO PRAIA SHOPPING,"Avenida Engenheiro Roberto Freire - Capim Macio, Natal - RN, Brasil",linha745-2.pdf,1
745.2,CIRCULAR PONTA NEGRA VIA ABEL CABRAL,14,PRAIA EM FRENTE DUNNAS SHOPPING,"Av. Eng. Roberto Freire, 1347-2107 - Capim Macio, Natal - RN, 59080-400, Brasil",linha745-2.pdf,1
745.2,CIRCULAR PONTA NEGRA VIA ABEL CABRAL,15,PARADA EM FRENTE A UNP,"Av. Eng. Roberto Freire, 1347-2107 - Capim Macio, Natal - RN, 59080-400, Brasil",linha745-2.pdf,1
745.2,CIRCULAR PONTA NEGRA VIA ABEL CABRAL,16,PARADA EM FRENTE AO EXTRA,"Av. Eng. Roberto Freire, 689-1345 - Capim Macio, Natal - RN, 59080-400, Brasil",linha745-2.pdf,1
745.2,CIRCULAR PONTA NEGRA VIA ABEL CABRAL,17,PARADA EM FRENTE A MAURICIO DE NASSAU,"Av. Eng. Roberto Freire, 441-657 - Parque das Dunas, Natal - RN, 59080-400, Brasil",linha745-2.pdf,1
745.2,CIRCULAR PONTA NEGRA VIA ABEL CABRAL,18,PARDA EM FRENE A DROGARIA GLOBO,"Av. Eng. Roberto Freire, 1-439 - Parque das Dunas, Natal - RN, 59080-400, Brasil",linha745-2.pdf,1
745.2,CIRCULAR PONTA NEGRA VIA ABEL CABRAL,19,PARADA DO BRADESCO,"R. Leôncio Etelvino de Medeiros, 2941-2947 - Capim Macio, Natal - RN, 59078-570, Brasil",linha745-2.pdf,1
745.2,CIRCULAR PONTA NEGRA VIA ABEL CABRAL,20,PARADA UFRN - LABORATÓRIO DE AUTOMAÇÃO,"Universidade Federal do Rio Grande do Norte (UFRN), Av. Contorno do Campos, 770-896 - Lagoa Nova, Natal - RN, Brasil",linha745-2.pdf,1
745.2,CIRCULAR PONTA NEGRA VIA ABEL CABRAL,21,PARADA UFRN - CiT,"Universidade Federal do Rio Grande do Norte (UFRN), Av. Contorno do Campos, 1094-1214 - Lagoa Nova, Natal - RN, Brasil",linha745-2.pdf,1
745.2,CIRCULAR PONTA NEGRA VIA ABEL CABRAL,22,PARADA UFRN - CENTRO DE BIOCIÊNCIA,"Universidade Federal do Rio Grande do Norte (UFRN), Av. Passeio dos Girassóis, 555-683 - Lagoa Nova, Natal - RN, 59077-080, Brasil",linha745-2.pdf,1
745.2,CIRCULAR PONTA NEGRA VIA ABEL CABRAL,23,PARADA UFRN - NUPLAM 2,"Universidade Federal do Rio Grande do Norte (UFRN), Av. Passeio dos Girassóis, 209-249 - Lagoa Nova, Natal - RN, 59077-080, Brasil",linha745-2.pdf,1
745.2,CIRCULAR PONTA NEGRA VIA ABEL CABRAL,24,PARADA UFRN - ROTATÓRIA DO NEI,"Av. Passeio dos Girassóis, 2-244 - Lagoa Nova, Natal - RN, 59077-080, Brasil",linha745-2.pdf,1
745.2,CIRCULAR PONTA NEGRA VIA ABEL CABRAL,25,PARADA UFRN - NUPLAM,"Universidade Federal do Rio Grande do Norte (UFRN), Av. Passeio dos Girassóis, 270-412 - Lagoa Nova, Natal - RN, 59077-080, Brasil",linha745-2.pdf,1
745.2,CIRCULAR PONTA NEGRA VIA ABEL CABRAL,26,PARADA MERCADINHO SÃO FRANCISCO E GINASIO,"Av. Santos Dumont, 465 - Capim Macio, Natal - RN, 59078-200, Brasil",linha745-2.pdf,1
745.2,CIRCULAR PONTA NEGRA VIA ABEL CABRAL,27,PARADA IGREJA DE MIRASSOL,"Av. Santos Dumont, 441-457 - Capim Macio, Natal - RN, 59078-200, Brasil",linha745-2.pdf,1
745.2,CIRCULAR PONTA NEGRA VIA ABEL CABRAL,28,PARADA ESTAÇÃO VIA DIRETA,"Natal Shopping - Avenida Senador Salgado Filho, 2234 - Lagoa Nova, Natal - RN, Brasil",linha745-2.pdf,1
745.2,CIRCULAR PONTA NEGRA VIA ABEL CABRAL,29,PN329,"Universidade Federal do Rio Grande do Norte (UFRN), Av. João Medeiros - Lagoa Nova, Natal - RN, Brasil",linha745-2.pdf,1
745.2,CIRCULAR PONTA NEGRA VIA ABEL CABRAL,30,PARADA ESTAÇÃO CARREFOUR,"Natal Shopping - Avenida Senador Salgado Filho, 2234 - Lagoa Nova, Natal - RN, Brasil",linha745-2.pdf,1
745.2,CIRCULAR PONTA NEGRA VIA ABEL CABRAL,31,PARADA ANTIGA SALINAS,"Avenida Senador Salgado Filho, 3044 - Candelária, Natal - RN, Brasil",linha745-2.pdf,2
745.2,CIRCULAR PONTA NEGRA VIA ABEL CABRAL,32,PARADA POSTO BR NOVO HORIZONTE,"Av. Sen. Salgado Filho - Candelária, Natal - RN, 59080-000, Brasil",linha745-2.pdf,2
745.2,CIRCULAR PONTA NEGRA VIA ABEL CABRAL,33,PARADA PASSARELA NÉOPOLIS SENTIDO PARANAMIRIM,"Av. Sen. Salgado Filho - Candelária, Natal - RN, 59066-800, Brasil",linha745-2.pdf,2
745.2,CIRCULAR PONTA NEGRA VIA ABEL CABRAL,34,PARADA DA SAMS CLUB SENTIDO PARNAMIRIM,"Av. Dão Silveira, 4323-4445 - Candelária, Natal - RN, Brasil",linha745-2.pdf,2
745.2,CIRCULAR PONTA NEGRA VIA ABEL CABRAL,35,PARADA CAR BOX,"Av. Sen. Salgado Filho - Candelária, Natal - RN, 59080-000, Brasil",linha745-2.pdf,2
745.2,CIRCULAR PONTA NEGRA VIA ABEL CABRAL,36,PARADA ATACADÃO,"Av. Sen. Salgado Filho - Pitimbu, Natal - RN, 59080-000, Brasil",linha745-2.pdf,2
745.2,CIRCULAR PONTA NEGRA VIA ABEL CABRAL,37,PARDA EM FRENTE A KERO KERO,"Av. Sen. Salgado Filho - Pitimbu, Natal - RN, 59086-000, Brasil",linha745-2.pdf,2
745.2,CIRCULAR PONTA NEGRA VIA ABEL CABRAL,38,PARADA DA DIVEP.,"Av Abel Cabral, 66, Rio Grande Do Norte, Nova Parnamirim (Parnamirim)",linha745-2.pdf,2
745.2,CIRCULAR PONTA NEGRA VIA ABEL CABRAL,39,PARADA ESPAÇO REDUZIDO,"Av Abel Cabral, 398, Rio Grande Do Norte, Nova Parnamirim (Parnamirim)",linha745-2.pdf,2
745.2,CIRCULAR PONTA NEGRA VIA ABEL CABRAL,40,PARADA GRUPO CONRADO,"R. Padre Miguel, 460-462 - Parque do Pitimbu, Parnamirim - RN, 59150-440, Brasil",linha745-2.pdf,2
745.2,CIRCULAR PONTA NEGRA VIA ABEL CABRAL,41,PARADA MANARÁ,"R. dos Juritis - Parque do Pitimbu, Parnamirim - RN, 59150-210, Brasil",linha745-2.pdf,2
745.2,CIRCULAR PONTA NEGRA VIA ABEL CABRAL,42,PARADA CDA DISTRIBUIDORA,"Av. Abel Cabral, 1004-1096 - Parque do Pitimbu, Parnamirim - RN, 59151-250, Brasil",linha745-2.pdf,2
745.2,CIRCULAR PONTA NEGRA VIA ABEL CABRAL,43,PARADA DA MC DONALDS,"Av. Abel Cabral, 1288-1396 - Parque do Pitimbu, Parnamirim - RN, 59151-250, Brasil",linha745-2.pdf,2
745.2,CIRCULAR PONTA NEGRA VIA ABEL CABRAL,44,PARADA OVERDOSE,"Av Abel Cabral, 1628, Rio Grande Do Norte, Nova Parnamirim (Parnamirim)",linha745-2.pdf,2
745.2,CIRCULAR PONTA NEGRA VIA ABEL CABRAL,45,PARADA DE FRENTE AO CONDOMINIO ARCO IRIS,"Av. Abel Cabral, 1780-1842 - Parque do Pitimbu, Parnamirim - RN, 59151-250, Brasil",linha745-2.pdf,2
745.2,CIRCULAR PONTA NEGRA VIA ABEL CABRAL,46,PARADA IGREJA EVANGÉLICA CRISTÃ,"Av Abel Cabral, 2114, Rio Grande Do Norte, Nova Parnamirim (Parnamirim)",linha745-2.pdf,2
745.2,CIRCULAR PONTA NEGRA VIA ABEL CABRAL,47,PARADA PONTUAL MATERIAL DE CONSTRUÇÃO,"Av. Abel Cabral, 2390 - Parque dos Eucaliptos, Parnamirim - RN, 59151-250, Brasil",linha745-2.pdf,2
745.2,CIRCULAR PONTA NEGRA VIA ABEL CABRAL,48,PARADA SHOPPING AYRTON SENNA,"Av. Abel Cabral, 2672-2680 - Parque dos Eucaliptos, Parnamirim - RN, 59151-250, Brasil",linha745-2.pdf,2
745.2,CIRCULAR PONTA NEGRA VIA ABEL CABRAL,49,PARADA KI PÃO SERIDÓ,"Avenida Ayrton Senna, 4158-4464 - Parque dos Eucaliptos, Parnamirim - RN, 59088-100, República Federativa do Brasil",linha745-2.pdf,2
745.2,CIRCULAR PONTA NEGRA VIA ABEL CABRAL,50,PARADA CONDOMÍNIO ITAMARATI,"Avenida Ayrton Senna, 4844-5064 - Parque dos Eucaliptos, Parnamirim - RN, 59088-100, República Federativa do Brasil",linha745-2.pdf,2
745.2,CIRCULAR PONTA NEGRA VIA ABEL CABRAL,51,PARADA ANTES DA ROTATÓRIA CIDADE VERDE,"Avenida Ayrton Senna, 5066-5168 - Parque dos Eucaliptos, Parnamirim - RN, 59088-100, República Federativa do Brasil",linha745-2.pdf,2
745.2,CIRCULAR PONTA NEGRA VIA ABEL CABRAL,52,PARADA HAMBURGO STYLE,"Avenida Gastão Mariz de Faria, 92-244 - Parque dos Eucaliptos, Parnamirim - RN, 59152-110, República Federativa do Brasil",linha745-2.pdf,2
745.2,CIRCULAR PONTA NEGRA VIA ABEL CABRAL,53,PARADA COLÉGIO EXTENSIVO,"Av. Gastão Mariz de Faria, 246-320 - Parque dos Eucaliptos, Parnamirim - RN, 59152-110, Brasil",linha745-2.pdf,2
745.2,CIRCULAR PONTA NEGRA VIA ABEL CABRAL,54,PARADA CAMPO CERRADO,"Avenida Gastão Mariz de Faria, 538-610 - Parque dos Eucaliptos, Parnamirim - RN, 59152-110, República Federativa do Brasil",linha745-2.pdf,2
745.2,CIRCULAR PONTA NEGRA VIA ABEL CABRAL,55,PARADA DO TERMINAL,"Av. Gastão Mariz de Faria, 850-994 - Parque dos Eucaliptos, Parnamirim - RN, 59152-110, Brasil",linha745-2.pdf,2
97,ABEL CABRAL – VIA PRAÇA,2,Terminal de Nova Parnamirim,"Rua Cupuaçu, 179-305 - Nova Parnamirim, Natal - RN, 59152-125, República Federativa do Brasil",linha97.pdf,1
97,ABEL CABRAL – VIA PRAÇA,3,PARADA CONDOMÍNIO ITATIAIA,"Avenida Gastão Mariz de Faria, 714-848 - Parque dos Eucaliptos, Parnamirim - RN, 59152-110, República Federativa do Brasil",linha97.pdf,1
97,ABEL CABRAL – VIA PRAÇA,4,PARADA CONDOMÍNIO ITATIAIA.,"Praca, Rio Grande Do Norte, Parque Dos Eucaliptos (Parnamirim)",linha97.pdf,1
97,ABEL CABRAL – VIA PRAÇA,5,PARADA MARMITARIA DELICIAS QUENTINHAS,"R Araca, Rio Grande Do Norte, Nordeste (Parnamirim)",linha97.pdf,1
97,ABEL CABRAL – VIA PRAÇA,6,PN269,"R Adail Pamplona De Menezes, 667, Rio Grande Do Norte, Nova Parnamirim (Parnamirim)",linha97.pdf,1
97,ABEL CABRAL – VIA PRAÇA,7,PARADA CONDOMINIO JARDIM DO SUL,"R Adail Pamplona De Menezes, 472, Rio Grande Do Norte, Nova Parnamirim (Parnamirim)",linha97.pdf,1
97,ABEL CABRAL – VIA PRAÇA,8,PARADA ACQUA ESTÉTICA,"R Adail Pamplona De Menezes, 336, Rio Grande Do Norte, Nova Parnamirim (Parnamirim)",linha97.pdf,1
97,ABEL CABRAL – VIA PRAÇA,9,PARADA REVISTARIA AYRTON SENNA,"R Adail Pamplona De Menezes, 36, Rio Grande Do Norte, Nova Parnamirim (Parnamirim)",linha97.pdf,1
97,ABEL CABRAL – VIA PRAÇA,10,PARADA IGREJA ASSEMBLÉIA DE DEUS ABEL,"Av Abel Cabral, 2686, Rio Grande Do Norte, Nova Parnamirim (Parnamirim)",linha97.pdf,1
97,ABEL CABRAL – VIA PRAÇA,11,PARADA MINA BELA COSMETICOS,"Av Abel Cabral, 3173, Rio Grande Do Norte, Nova Parnamirim (Parnamirim)",linha97.pdf,1
97,ABEL CABRAL – VIA PRAÇA,12,PARADA IGREJA EVANGÉLICA CRISTÃ,"Av Abel Cabral, 2114, Rio Grande Do Norte, Nova Parnamirim (Parnamirim)",linha97.pdf,1
97,ABEL CABRAL – VIA PRAÇA,13,PARADA DA PREFEITURA,"Av Abel Cabral, 1992, Rio Grande Do Norte, Nova Parnamirim (Parnamirim)",linha97.pdf,1
97,ABEL CABRAL – VIA PRAÇA,14,PARADA CONDOMINIO ARCO-IRIS,"Av Abel Cabral, 1812, Rio Grande Do Norte, Nova Parnamirim (Parnamirim)",linha97.pdf,1
97,ABEL CABRAL – VIA PRAÇA,15,PARADA OVERDOSE,"Av Abel Cabral, 1628, Rio Grande Do Norte, Nova Parnamirim (Parnamirim)",linha97.pdf,1
97,ABEL CABRAL – VIA PRAÇA,16,PARADA CONDOMÍNIO COLINAS DAS PALMEIRAS,"Av Abel Cabral, 1436, Rio Grande Do Norte, Nova Parnamirim (Parnamirim)",linha97.pdf,1
97,ABEL CABRAL – VIA PRAÇA,17,PARADA EM FRENTE A CDA,"Av Abel Cabral, 1054, Rio Grande Do Norte, Nova Parnamirim (Parnamirim)",linha97.pdf,1
97,ABEL CABRAL – VIA PRAÇA,18,PROSSEGUIR AUTO ESCOLA,"Av Abel Cabral, 845, Rio Grande Do Norte, Nova Parnamirim (Parnamirim)",linha97.pdf,1
97,ABEL CABRAL – VIA PRAÇA,19,PARADA GRUPO CONRADO,"R. Padre Miguel, 460-462 - Parque do Pitimbu, Parnamirim - RN, 59150-440, Brasil",linha97.pdf,1
97,ABEL CABRAL – VIA PRAÇA,20,PARADA DE FRENTE AO ESPAÇO REDUZIDO,"Avenida Abel Cabral, 270-280 - Nova Parnamirim, Natal - RN, Brasil",linha97.pdf,1
97,ABEL CABRAL – VIA PRAÇA,21,PARADA KERO KERO,"Rodovia Governador Mário Covas, 8113 - Nova Parnamirim, Natal - RN, Brasil",linha97.pdf,1
97,ABEL CABRAL – VIA PRAÇA,22,PARADA AÇAI IDA,"Av. Sen. Salgado Filho - Pitimbu, Natal - RN, 59078-000, Brasil",linha97.pdf,1
97,ABEL CABRAL – VIA PRAÇA,23,PARADA ATACADÃO IDA,"Av. Sen. Salgado Filho - Pitimbu, Natal - RN, 59078-000, Brasil",linha97.pdf,1
97,ABEL CABRAL – VIA PRAÇA,24,PARADA MOTEL VISION,"Av. Sen. Salgado Filho - Candelária, Natal - RN, 59078-000, Brasil",linha97.pdf,1
97,ABEL CABRAL – VIA PRAÇA,25,PARADA EM FRENTE A SAMS CLUB,"Av. Sen. Salgado Filho - Pista Lateral, 4319-4437 - Neópolis, Natal - RN, Brasil",linha97.pdf,1
97,ABEL CABRAL – VIA PRAÇA,26,PARADA PASSARELA DE NEOPOLIS,"Avenida Senador Salgado Filho, S/N - Neópolis, Natal - RN, Brasil",linha97.pdf,1
97,ABEL CABRAL – VIA PRAÇA,27,PARADA DA HYUNDAI,"Rodovia Governador Mário Covas - Candelária, Natal - RN, 59064-741, Brasil",linha97.pdf,1
97,ABEL CABRAL – VIA PRAÇA,28,PARADA PG PRIME,"SEM NOME, Rio Grande Do Norte, Capim Macio (Natal)",linha97.pdf,1
97,ABEL CABRAL – VIA PRAÇA,29,PARADA ESTAÇÃO VIA DIRETA,"Natal Shopping - Avenida Senador Salgado Filho, 2234 - Lagoa Nova, Natal - RN, Brasil",linha97.pdf,1
97,ABEL CABRAL – VIA PRAÇA,30,PARADA PASSARELA DE POTILANDIA,"Avenida Senador Salgado Filho - Pista Lateral, 2507-2647 - Lagoa Nova, Natal - RN, República Federativa do Brasil",linha97.pdf,1
97,ABEL CABRAL – VIA PRAÇA,31,PARADA DA UNIVERSAL,"Avenida Senador Salgado Filho, 1961-2023 - Lagoa Nova, Natal - RN, República Federativa do Brasil",linha97.pdf,2
97,ABEL CABRAL – VIA PRAÇA,32,PARADA PIZZARIA DONA MARIA,"Avenida Senador Salgado Filho, 1511-1613 - Lagoa Nova, Natal - RN, 59056-000, República Federativa do Brasil",linha97.pdf,2
97,ABEL CABRAL – VIA PRAÇA,33,PARADA NORDESTÃO.,"Avenida Senador Salgado Filho, 959-1075 - Lagoa Nova, Natal - RN, 59056-000, República Federativa do Brasil",linha97.pdf,2
97,ABEL CABRAL – VIA PRAÇA,34,PARADA IFRN,"Avenida Senador Salgado Filho, 353-437 - Tirol, Natal - RN, 59015-000, República Federativa do Brasil",linha97.pdf,2
97,ABEL CABRAL – VIA PRAÇA,35,PARADA VILLA PARK,"Rua Nossa Senhora de Lourdes, 1-247 - Tirol, Natal - RN, 59015-260, República Federativa do Brasil",linha97.pdf,2
97,ABEL CABRAL – VIA PRAÇA,36,PARADA DO BATALHÃO 16,"Avenida Hermes da Fonseca, 366-482 - Tirol, Natal - RN, 59015-145, República Federativa do Brasil",linha97.pdf,2
97,ABEL CABRAL – VIA PRAÇA,37,PARADA IDEA DE MOVEIS,"Avenida Hermes da Fonseca, 804-866 - Tirol, Natal - RN, 59014-615, República Federativa do Brasil",linha97.pdf,2
97,ABEL CABRAL – VIA PRAÇA,38,PARADA UNIVERSIDADE DA PICANHA,"Avenida Hermes da Fonseca, 1182-1252 - Tirol, Natal - RN, 59014-615, República Federativa do Brasil",linha97.pdf,2
97,ABEL CABRAL – VIA PRAÇA,39,PARADA BIENOVA,"Avenida Hermes da Fonseca, 1736-1804 - Tirol, Natal - RN, 59014-555, República Federativa do Brasil",linha97.pdf,2
97,ABEL CABRAL – VIA PRAÇA,40,CAMPO JUVENAL LAMARTINE,"Avenida Hermes da Fonseca, 2000-2064 - Tirol, Natal - RN, 59014-495, República Federativa do Brasil",linha97.pdf,2
97,ABEL CABRAL – VIA PRAÇA,41,PARADA PRÉDIO VELHO,"Avenida Hermes da Fonseca, 2394-2468 - Petrópolis, Natal - RN, 59014-165, República Federativa do Brasil",linha97.pdf,2
97,ABEL CABRAL – VIA PRAÇA,42,PARADA MERCADO PETROPOLIS,"Avenida Hermes da Fonseca, 2644-2702 - Petrópolis, Natal - RN, 59014-165, República Federativa do Brasil",linha97.pdf,2
97,ABEL CABRAL – VIA PRAÇA,43,PARADA HARMONY MEDICAL CENTER,"Rua Coronel Joaquim Manoel, 607-625 - Petrópolis, Natal - RN, 59012-330, República Federativa do Brasil",linha97.pdf,2
97,ABEL CABRAL – VIA PRAÇA,44,PARADA PRAÇA CIVICA,"Rua Traíri, 443-445 - Petrópolis, Natal - RN, 59020-150, República Federativa do Brasil",linha97.pdf,2
97,ABEL CABRAL – VIA PRAÇA,45,HOSPITAL VARELA SANTIAGO,"Avenida Deodoro da Fonseca, 1045-1111 - Cidade Alta, Natal - RN, 59025-600, República Federativa do Brasil",linha97.pdf,2
97,ABEL CABRAL – VIA PRAÇA,46,PARADA BANCO ITAU CIDADE,"Avenida Deodoro da Fonseca, 759-779 - Cidade Alta, Natal - RN, 59025-600, República Federativa do Brasil",linha97.pdf,2
97,ABEL CABRAL – VIA PRAÇA,47,PARADA ARQUIVO TRIBUNAL DE JUSTIÇA,"Rua Apodi, 252 - Cidade Alta, Natal - RN, 59025-170, República Federativa do Brasil",linha97.pdf,2
97,ABEL CABRAL – VIA PRAÇA,48,PARADA DA CïA,"Avenida Rio Branco, 622-688 - Cidade Alta, Natal - RN, 59025-002, República Federativa do Brasil",linha97.pdf,2
97,ABEL CABRAL – VIA PRAÇA,49,PARADA AMERICANAS,"Avenida Rio Branco, 377-441 - Cidade Alta, Natal - RN, 59025-001, República Federativa do Brasil",linha97.pdf,2
97,ABEL CABRAL – VIA PRAÇA,50,Ribeira,"Velha - Praça Augusto Severo, Ribeira, Natal - RN, República Federativa do Brasil",linha97.pdf,2
97,ABEL CABRAL – VIA PRAÇA,51,PRAÇA PRAÇA JOÃO TIBURCIO,"Rua Padre João Manoel, 757-831 - Cidade Alta, Natal - RN, 59025-350, República Federativa do Brasil",linha97.pdf,2
97,ABEL CABRAL – VIA PRAÇA,52,PARADA DO BALDO VOLTA,"R Pe. Pinto, Rio Grande Do Norte, Cidade Alta (Natal)",linha97.pdf,2
97,ABEL CABRAL – VIA PRAÇA,53,PARADA CEMITÉRIO DO ALECRIM,"Avenida Fonseca E Silva, 81-169 - Alecrim, Natal - RN, 59020-600, República Federativa do Brasil",linha97.pdf,2
97,ABEL CABRAL – VIA PRAÇA,54,PARADA INSINUANTE ALECRIM,"Rua Amaro Barreto, 51-1281 - Alecrim, Natal - RN, 59031-450, República Federativa do Brasil",linha97.pdf,2
97,ABEL CABRAL – VIA PRAÇA,55,PARADA DEPOIS DO BRADESCO ALECRIM,"Avenida Presidente Bandeira, 508-544 - Alecrim, Natal - RN, 59037-200, República Federativa do Brasil",linha97.pdf,2
97,ABEL CABRAL – VIA PRAÇA,56,PARADA DA LAMPADINHA ALECRIM,"Avenida Presidente Bandeira, 866-906 - Alecrim, Natal - RN, 59030-200, República Federativa do Brasil",linha97.pdf,2
97,ABEL CABRAL – VIA PRAÇA,57,PARADA MARTELINHO DE OURO,"Avenida Presidente Bandeira, 974-1152 - Lagoa Seca, Natal - RN, 59030-200, República Federativa do Brasil",linha97.pdf,2
97,ABEL CABRAL – VIA PRAÇA,58,PARADA AROLDO AUTO PEÇAS,"Avenida Presidente Bandeira, 1640-1830 - Lagoa Seca, Natal - RN, 59030-200, República Federativa do Brasil",linha97.pdf,2
97,ABEL CABRAL – VIA PRAÇA,59,PARADA POSTO BR PRÓXIMO AO MID,"Avenida Bernardo Vieira, 3336-3588 - Lagoa Nova, Natal - RN, 59056-045, República Federativa do Brasil",linha97.pdf,2
97,ABEL CABRAL – VIA PRAÇA,60,PARADA EM FRENTE AO MID,"Avenida Bernardo Vieira, 3591-3999 - Lagoa Nova, Natal - RN, 59051-000, República Federativa do Brasil",linha97.pdf,2
97,ABEL CABRAL – VIA PRAÇA,61,PARADA CONDOMÍNIO PAIS DE GALE,"Avenida Senador Salgado Filho, 1160-1258 - Lagoa Nova, Natal - RN, 59056-000, República Federativa do Brasil",linha97.pdf,2
97,ABEL CABRAL – VIA PRAÇA,62,PARADA PORTUGAL CENTER,"Avenida Senador Salgado Filho, 1511-1613 - Lagoa Nova, Natal - RN, 59056-000, República Federativa do Brasil",linha97.pdf,3
97,ABEL CABRAL – VIA PRAÇA,63,PARADA DOM GURMET,"Avenida Senador Salgado Filho, 1862-2012 - Lagoa Nova, Natal - RN, 59075-000, República Federativa do Brasil",linha97.pdf,3
97,ABEL CABRAL – VIA PRAÇA,64,PARADA POSTO ALVARO 105 GOVERNADORIA,"Avenida Senador Salgado Filho - Pista Lateral, 2682-2892 - Lagoa Nova, Natal - RN, República Federativa do Brasil",linha97.pdf,3
97,ABEL CABRAL – VIA PRAÇA,65,PARADA ESTAÇÃO CARREFOUR,"Natal Shopping - Avenida Senador Salgado Filho, 2234 - Lagoa Nova, Natal - RN, Brasil",linha97.pdf,3
97,ABEL CABRAL – VIA PRAÇA,66,PARADA ANTIGA SALINAS,"Avenida Senador Salgado Filho, 3044 - Candelária, Natal - RN, Brasil",linha97.pdf,3
97,ABEL CABRAL – VIA PRAÇA,67,PARADA POSTO BR NOVO HORIZONTE,"Av. Sen. Salgado Filho - Candelária, Natal - RN, 59080-000, Brasil",linha97.pdf,3
97,ABEL CABRAL – VIA PRAÇA,68,PARADA PASSARELA NÉOPOLIS SENTIDO PARANAMIRIM,"Av. Sen. Salgado Filho - Candelária, Natal - RN, 59066-800, Brasil",linha97.pdf,3
97,ABEL CABRAL – VIA PRAÇA,69,PARADA DA SAMS CLUB SENTIDO PARNAMIRIM,"Av. Dão Silveira, 4323-4445 - Candelária, Natal - RN, Brasil",linha97.pdf,3
97,ABEL CABRAL – VIA PRAÇA,70,PARADA CAR BOX,"Av. Sen. Salgado Filho - Candelária, Natal - RN, 59080-000, Brasil",linha97.pdf,3
97,ABEL CABRAL – VIA PRAÇA,71,PARADA ATACADÃO,"Av. Sen. Salgado Filho - Pitimbu, Natal - RN, 59080-000, Brasil",linha97.pdf,3
97,ABEL CABRAL – VIA PRAÇA,72,PARADA ESPAÇO REDUZIDO,"Av Abel Cabral, 398, Rio Grande Do Norte, Nova Parnamirim (Parnamirim)",linha97.pdf,3
97,ABEL CABRAL – VIA PRAÇA,73,PARADA BOTECO RESTAURANTE E PIZZARIA,"Av Abel Cabral, 736, Rio Grande Do Norte, Nova Parnamirim (Parnamirim)",linha97.pdf,3
97,ABEL CABRAL – VIA PRAÇA,74,PARADA MANARÁ,"R. dos Juritis - Parque do Pitimbu, Parnamirim - RN, 59150-210, Brasil",linha97.pdf,3
97,ABEL CABRAL – VIA PRAÇA,75,PARADA CDA DISTRIBUIDORA,"Av. Abel Cabral, 1004-1096 - Parque do Pitimbu, Parnamirim - RN, 59151-250, Brasil",linha97.pdf,3
97,ABEL CABRAL – VIA PRAÇA,76,PARADA DA MC DONALDS,"Av. Abel Cabral, 1288-1396 - Parque do Pitimbu, Parnamirim - RN, 59151-250, Brasil",linha97.pdf,3
97,ABEL CABRAL – VIA PRAÇA,77,PARADA OVERDOSE VOLTA,"Av Abel Cabral, 1566, Rio Grande Do Norte, Nova Parnamirim (Parnamirim)",linha97.pdf,3
97,ABEL CABRAL – VIA PRAÇA,78,PN322,"Av Abel Cabral, 1790, Rio Grande Do Norte, Nova Parnamirim (Parnamirim)",linha97.pdf,3
97,ABEL CABRAL – VIA PRAÇA,79,PARADA EM FRENTE A PREFEITURA,"Av Abel Cabral, 2020, Rio Grande Do Norte, Nova Parnamirim (Parnamirim)",linha97.pdf,3
97,ABEL CABRAL – VIA PRAÇA,80,PARADA TROPICAL LANCHES,"Av Abel Cabral, 2394, Rio Grande Do Norte, Nova Parnamirim (Parnamirim)",linha97.pdf,3
97,ABEL CABRAL – VIA PRAÇA,81,PARADA IGREJA ASSEMBLÉIA DE DEUS ABEL VOLTA,"Av Abel Cabral, 2692, Rio Grande Do Norte, Nova Parnamirim (Parnamirim)",linha97.pdf,3
97,ABEL CABRAL – VIA PRAÇA,82,PARADA ATRÁS DO CONDOMÍNIO BERTIOGA,"R Adail Pamplona De Menezes, 318, Rio Grande Do Norte, Nova Parnamirim (Parnamirim)",linha97.pdf,3
97,ABEL CABRAL – VIA PRAÇA,83,PARADA VIA DORO,"R Adail Pamplona De Menezes, 444, Rio Grande Do Norte, Nova Parnamirim (Parnamirim)",linha97.pdf,3
97,ABEL CABRAL – VIA PRAÇA,84,PARADA RESIDENCIAL GOLDEN VALLEY,"R Adail Pamplona De Menezes, 562, Rio Grande Do Norte, Nova Parnamirim (Parnamirim)",linha97.pdf,3
97,ABEL CABRAL – VIA PRAÇA,85,PARADA EM FRENTE AO VAREJÃO VITÓRIA,"R Adail Pamplona De Menezes, 662, Rio Grande Do Norte, Nova Parnamirim (Parnamirim)",linha97.pdf,3
98,ABEL CABRAL – VIA ALECRIM,2,Terminal de Nova Parnamirim,"Rua Cupuaçu, 179-305 - Nova Parnamirim, Natal - RN, 59152-125, República Federativa do Brasil",linha98.pdf,1
98,ABEL CABRAL – VIA ALECRIM,3,PARADA CONDOMÍNIO ITATIAIA,"Avenida Gastão Mariz de Faria, 714-848 - Parque dos Eucaliptos, Parnamirim - RN, 59152-110, República Federativa do Brasil",linha98.pdf,1
98,ABEL CABRAL – VIA ALECRIM,4,PARADA CONDOMÍNIO ITATIAIA.,"Praca, Rio Grande Do Norte, Parque Dos Eucaliptos (Parnamirim)",linha98.pdf,1
98,ABEL CABRAL – VIA ALECRIM,5,PARADA MERCADINHO ALGAROBA,"R Da Algaroba, 365, Rio Grande Do Norte, Nova Parnamirim (Parnamirim)",linha98.pdf,1
98,ABEL CABRAL – VIA ALECRIM,6,PARADA GERBERA RECEPÇÕES,"R Algarobas, 117, Rio Grande Do Norte, Nova Parnamirim (Parnamirim)",linha98.pdf,1
98,ABEL CABRAL – VIA ALECRIM,7,PARADA MARMITARIA DELICIAS QUENTINHAS,"R Araca, Rio Grande Do Norte, Nordeste (Parnamirim)",linha98.pdf,1
98,ABEL CABRAL – VIA ALECRIM,8,PN269,"R Adail Pamplona De Menezes, 667, Rio Grande Do Norte, Nova Parnamirim (Parnamirim)",linha98.pdf,1
98,ABEL CABRAL – VIA ALECRIM,9,PARADA CONDOMINIO GOLDEN VALLEY,"R Adail Pamplona De Menezes, 472, Rio Grande Do Norte, Nova Parnamirim (Parnamirim)",linha98.pdf,1
98,ABEL CABRAL – VIA ALECRIM,10,PARADA ACQUA ESTÉTICA,"R Adail Pamplona De Menezes, 336, Rio Grande Do Norte, Nova Parnamirim (Parnamirim)",linha98.pdf,1
98,ABEL CABRAL – VIA ALECRIM,11,PARADA REVISTARIA AYRTON SENNA,"R Adail Pamplona De Menezes, 36, Rio Grande Do Norte, Nova Parnamirim (Parnamirim)",linha98.pdf,1
98,ABEL CABRAL – VIA ALECRIM,12,PARADA IGREJA ASSEMBLÉIA DE DEUS ABEL,"Av Abel Cabral, 2686, Rio Grande Do Norte, Nova Parnamirim (Parnamirim)",linha98.pdf,1
98,ABEL CABRAL – VIA ALECRIM,13,PARADA MINA BELA COSMETICOS,"Av Abel Cabral, 3173, Rio Grande Do Norte, Nova Parnamirim (Parnamirim)",linha98.pdf,1
98,ABEL CABRAL – VIA ALECRIM,14,PARADA IGREJA EVANGÉLICA CRISTÃ,"Av Abel Cabral, 2114, Rio Grande Do Norte, Nova Parnamirim (Parnamirim)",linha98.pdf,1
98,ABEL CABRAL – VIA ALECRIM,15,PARADA DA PREFEITURA,"Av Abel Cabral, 1992, Rio Grande Do Norte, Nova Parnamirim (Parnamirim)",linha98.pdf,1
98,ABEL CABRAL – VIA ALECRIM,16,PARADA CONDOMINIO ARCO-IRIS,"Av Abel Cabral, 1812, Rio Grande Do Norte, Nova Parnamirim (Parnamirim)",linha98.pdf,1
98,ABEL CABRAL – VIA ALECRIM,17,PARADA OVERDOSE,"Av Abel Cabral, 1628, Rio Grande Do Norte, Nova Parnamirim (Parnamirim)",linha98.pdf,1
98,ABEL CABRAL – VIA ALECRIM,18,PARADA CONDOMÍNIO COLINAS DAS PALMEIRAS,"Av Abel Cabral, 1436, Rio Grande Do Norte, Nova Parnamirim (Parnamirim)",linha98.pdf,1
98,ABEL CABRAL – VIA ALECRIM,19,PARADA EM FRENTE A CDA,"Av Abel Cabral, 1054, Rio Grande Do Norte, Nova Parnamirim (Parnamirim)",linha98.pdf,1
98,ABEL CABRAL – VIA ALECRIM,20,PROSSEGUIR AUTO ESCOLA,"Av Abel Cabral, 845, Rio Grande Do Norte, Nova Parnamirim (Parnamirim)",linha98.pdf,1
98,ABEL CABRAL – VIA ALECRIM,21,PARADA DE FRENTE AO ESPAÇO REDUZIDO,"Avenida Abel Cabral, 270-280 - Nova Parnamirim, Natal - RN, Brasil",linha98.pdf,1
98,ABEL CABRAL – VIA ALECRIM,22,PARADA KERO KERO,"Rodovia Governador Mário Covas, 8113 - Nova Parnamirim, Natal - RN, Brasil",linha98.pdf,1
98,ABEL CABRAL – VIA ALECRIM,23,PARADA AÇAI IDA,"Av. Sen. Salgado Filho - Pitimbu, Natal - RN, 59078-000, Brasil",linha98.pdf,1
98,ABEL CABRAL – VIA ALECRIM,24,PARADA ATACADÃO IDA,"Av. Sen. Salgado Filho - Pitimbu, Natal - RN, 59078-000, Brasil",linha98.pdf,1
98,ABEL CABRAL – VIA ALECRIM,25,PARADA MOTEL VISION,"Av. Sen. Salgado Filho - Candelária, Natal - RN, 59078-000, Brasil",linha98.pdf,1
98,ABEL CABRAL – VIA ALECRIM,26,PARADA EM FRENTE A SAMS CLUB,"Av. Sen. Salgado Filho - Pista Lateral, 4319-4437 - Neópolis, Natal - RN, Brasil",linha98.pdf,1
98,ABEL CABRAL – VIA ALECRIM,27,PARADA PASSARELA DE NEOPOLIS,"Avenida Senador Salgado Filho, S/N - Neópolis, Natal - RN, Brasil",linha98.pdf,1
98,ABEL CABRAL – VIA ALECRIM,28,PARADA DA HYUNDAI,"Rodovia Governador Mário Covas - Candelária, Natal - RN, 59064-741, Brasil",linha98.pdf,1
98,ABEL CABRAL – VIA ALECRIM,29,PARADA PG PRIME,"SEM NOME, Rio Grande Do Norte, Capim Macio (Natal)",linha98.pdf,1
98,ABEL CABRAL – VIA ALECRIM,30,PARADA ESTAÇÃO VIA DIRETA,"Natal Shopping - Avenida Senador Salgado Filho, 2234 - Lagoa Nova, Natal - RN, Brasil",linha98.pdf,1
98,ABEL CABRAL – VIA ALECRIM,31,PARADA PASSARELA DE POTILANDIA,"Avenida Senador Salgado Filho - Pista Lateral, 2507-2647 - Lagoa Nova, Natal - RN, República Federativa do Brasil",linha98.pdf,2
98,ABEL CABRAL – VIA ALECRIM,32,PARADA DA UNIVERSAL,"Avenida Senador Salgado Filho, 1961-2023 - Lagoa Nova, Natal - RN, República Federativa do Brasil",linha98.pdf,2
98,ABEL CABRAL – VIA ALECRIM,33,PARADA PIZZARIA DONA MARIA,"Avenida Senador Salgado Filho, 1511-1613 - Lagoa Nova, Natal - RN, 59056-000, República Federativa do Brasil",linha98.pdf,2
98,ABEL CABRAL – VIA ALECRIM,34,PARADA NORDESTÃO.,"Avenida Senador Salgado Filho, 959-1075 - Lagoa Nova, Natal - RN, 59056-000, República Federativa do Brasil",linha98.pdf,2
98,ABEL CABRAL – VIA ALECRIM,35,PARADA CONDOMÍNIO MORRO BRANCO,"Avenida Antônio Basílio, 3854-3930 - Lagoa Nova, Natal - RN, 59056-500, República Federativa do Brasil",linha98.pdf,2
98,ABEL CABRAL – VIA ALECRIM,36,PARADA MERCEARIA SR. ROCHA,"Rua Desembargador Antônio Cerejo, 1092 - Nova Descoberta, Natal - RN, 59056-360, República Federativa do Brasil",linha98.pdf,2
98,ABEL CABRAL – VIA ALECRIM,37,PARADA LATERAL DO IFRN,"Avenida Bernardo Vieira, 4167-4309 - Lagoa Nova, Natal - RN, 59051-000, República Federativa do Brasil",linha98.pdf,2
98,ABEL CABRAL – VIA ALECRIM,38,PARADA DO MID,"Avenida Bernardo Vieira, 3591-3999 - Lagoa Nova, Natal - RN, 59051-000, República Federativa do Brasil",linha98.pdf,2
98,ABEL CABRAL – VIA ALECRIM,39,PARADA IGREJA PENTECOSTAL DE JERUSALEM,"Avenida Presidente Bandeira, 2263-2337 - Lagoa Seca, Natal - RN, 59031-200, República Federativa do Brasil",linha98.pdf,2
98,ABEL CABRAL – VIA ALECRIM,40,PARADA STYLUS DECORAÇÕES,"Avenida Presidente Bandeira, 1153-1299 - Lagoa Seca, Natal - RN, 59031-200, República Federativa do Brasil",linha98.pdf,2
98,ABEL CABRAL – VIA ALECRIM,41,PP2,"Avenida Presidente Bandeira, 907-931 - Alecrim, Natal - RN, 59031-200, República Federativa do Brasil",linha98.pdf,2
98,ABEL CABRAL – VIA ALECRIM,42,PARADA MINISTÉRIO DO TRABALHO,"Avenida Presidente Bandeira, 815-905 - Alecrim, Natal - RN, 59031-200, República Federativa do Brasil",linha98.pdf,2
98,ABEL CABRAL – VIA ALECRIM,43,PARADA NICOLE MODAS,"Avenida Presidente Bandeira, 605-669 - Alecrim, Natal - RN, 59031-200, República Federativa do Brasil",linha98.pdf,2
98,ABEL CABRAL – VIA ALECRIM,44,PARADA DE FRENTE AO BRADESCO ALECRIM,"Avenida Presidente Bandeira, 473-509 - Alecrim, Natal - RN, 59040-200, República Federativa do Brasil",linha98.pdf,2
98,ABEL CABRAL – VIA ALECRIM,45,PARADA RESTAURANTE COMA BEM,"Avenida Coronel Estevam, 1-1283 - Alecrim, Natal - RN, 59030-000, República Federativa do Brasil",linha98.pdf,2
98,ABEL CABRAL – VIA ALECRIM,46,PARADA IGREJA CRISTÃ DAS NAÇÕES,"Rua Professor Luiz Soares, 3601-4381 - Alecrim, Natal - RN, 59037-510, República Federativa do Brasil",linha98.pdf,2
98,ABEL CABRAL – VIA ALECRIM,47,PARADA DO BAUDO,"Avenida Bernardo Viêira, 3491 - Quintas, Natal - RN, 59054-590, Brasil",linha98.pdf,2
98,ABEL CABRAL – VIA ALECRIM,48,PARADA DA CïA,"Avenida Rio Branco, 622-688 - Cidade Alta, Natal - RN, 59025-002, República Federativa do Brasil",linha98.pdf,2
98,ABEL CABRAL – VIA ALECRIM,49,PARADA AMERICANAS,"Avenida Rio Branco, 377-441 - Cidade Alta, Natal - RN, 59025-001, República Federativa do Brasil",linha98.pdf,2
98,ABEL CABRAL – VIA ALECRIM,50,Ribeira,"Velha - Praça Augusto Severo, Ribeira, Natal - RN, República Federativa do Brasil",linha98.pdf,2
98,ABEL CABRAL – VIA ALECRIM,51,PARADA PRAÇA 7 DE SETEMBRO,"Rua Ulisses Caldas, 38-60 - Cidade Alta, Natal - RN, 59025-090, República Federativa do Brasil",linha98.pdf,2
98,ABEL CABRAL – VIA ALECRIM,52,PARADA ANTES DA JANNA BABYS,"Rua Mossoró, 354-356 - Tirol, Natal - RN, 59020-090, República Federativa do Brasil",linha98.pdf,2
98,ABEL CABRAL – VIA ALECRIM,53,PARADA DA PRAÇA CÍVICA NILIO PEÇANHA,"Avenida Prudente de Morais, 143-257 - Petrópolis, Natal - RN, 59020-395, República Federativa do Brasil",linha98.pdf,2
98,ABEL CABRAL – VIA ALECRIM,54,PARADA CLINICA DE SANTA BEATRIZ,"Rua Coronel Joaquim Manoel, 580-612 - Petrópolis, Natal - RN, 59012-330, República Federativa do Brasil",linha98.pdf,2
98,ABEL CABRAL – VIA ALECRIM,55,PARADA PRAÇA DAS FLORES,"Rua Coronel Joaquim Manoel, 672-820 - Petrópolis, Natal - RN, 59012-330, República Federativa do Brasil",linha98.pdf,2
98,ABEL CABRAL – VIA ALECRIM,56,PARADA FARMAFORMULA,"Avenida Hermes da Fonseca, 2347-2455 - Petrópolis, Natal - RN, 59014-495, República Federativa do Brasil",linha98.pdf,2
98,ABEL CABRAL – VIA ALECRIM,57,PARADA DE FRENTE AO JUVENAL LAMARTINE,"Avenida Hermes da Fonseca, 2173-2247 - Tirol, Natal - RN, 59014-495, República Federativa do Brasil",linha98.pdf,2
98,ABEL CABRAL – VIA ALECRIM,58,PARADA FARMÁCIA PAGUE MENOS,"Avenida Hermes da Fonseca, 1677-1865 - Tirol, Natal - RN, 59020-000, República Federativa do Brasil",linha98.pdf,2
98,ABEL CABRAL – VIA ALECRIM,59,PARADA ESPAÇO REDUZIDO,"Avenida Hermes da Fonseca, 1219-1289 - Tirol, Natal - RN, 59020-145, República Federativa do Brasil",linha98.pdf,2
98,ABEL CABRAL – VIA ALECRIM,60,PARADA MARCATO,"Avenida Hermes da Fonseca, 781-1021 - Tirol, Natal - RN, 59020-315, República Federativa do Brasil",linha98.pdf,2
98,ABEL CABRAL – VIA ALECRIM,61,PARADA FINAL DO AEROCLUBE,"Avenida Hermes da Fonseca, 515-597 - Tirol, Natal - RN, 59020-650, República Federativa do Brasil",linha98.pdf,3
98,ABEL CABRAL – VIA ALECRIM,62,PARADA DO ANTIGO COLÉGIO BEREIANO,"Avenida Hermes da Fonseca, 2-116 - Tirol, Natal - RN, 59015-145, República Federativa do Brasil",linha98.pdf,3
98,ABEL CABRAL – VIA ALECRIM,63,PARADA FRENTE AO MID,"Avenida Senador Salgado Filho, 424-624 - Tirol, Natal - RN, 59022-000, República Federativa do Brasil",linha98.pdf,3
98,ABEL CABRAL – VIA ALECRIM,64,PARADA CONDOMÍNIO PAIS DE GALE,"Avenida Senador Salgado Filho, 1160-1258 - Lagoa Nova, Natal - RN, 59056-000, República Federativa do Brasil",linha98.pdf,3
98,ABEL CABRAL – VIA ALECRIM,65,PARADA PORTUGAL CENTER,"Avenida Senador Salgado Filho, 1511-1613 - Lagoa Nova, Natal - RN, 59056-000, República Federativa do Brasil",linha98.pdf,3
98,ABEL CABRAL – VIA ALECRIM,66,PARADA DOM GURMET,"Avenida Senador Salgado Filho, 1862-2012 - Lagoa Nova, Natal - RN, 59075-000, República Federativa do Brasil",linha98.pdf,3
98,ABEL CABRAL – VIA ALECRIM,67,PARADA POSTO ALVARO 105 GOVERNADORIA,"Avenida Senador Salgado Filho - Pista Lateral, 2682-2892 - Lagoa Nova, Natal - RN, República Federativa do Brasil",linha98.pdf,3
98,ABEL CABRAL – VIA ALECRIM,68,PARADA BANCO BRADESCO E ITAUBR,"Avenida Senador Salgado Filho - Pista Lateral, 2920-3012 - Candelária, Natal - RN, República Federativa do Brasil",linha98.pdf,3
98,ABEL CABRAL – VIA ALECRIM,69,PARADA ESTAÇÃO CARREFOUR,"Natal Shopping - Avenida Senador Salgado Filho, 2234 - Lagoa Nova, Natal - RN, Brasil",linha98.pdf,3
98,ABEL CABRAL – VIA ALECRIM,70,PARADA ANTIGA SALINAS,"Avenida Senador Salgado Filho, 3044 - Candelária, Natal - RN, Brasil",linha98.pdf,3
98,ABEL CABRAL – VIA ALECRIM,71,PARADA POSTO BR NOVO HORIZONTE,"Av. Sen. Salgado Filho - Candelária, Natal - RN, 59080-000, Brasil",linha98.pdf,3
98,ABEL CABRAL – VIA ALECRIM,72,PARADA PASSARELA NÉOPOLIS SENTIDO PARANAMIRIM,"Av. Sen. Salgado Filho - Candelária, Natal - RN, 59066-800, Brasil",linha98.pdf,3
98,ABEL CABRAL – VIA ALECRIM,73,PARADA DA SAMS CLUB SENTIDO PARNAMIRIM,"Av. Dão Silveira, 4323-4445 - Candelária, Natal - RN, Brasil",linha98.pdf,3
98,ABEL CABRAL – VIA ALECRIM,74,PARADA CAR BOX,"Av. Sen. Salgado Filho - Candelária, Natal - RN, 59080-000, Brasil",linha98.pdf,3
98,ABEL CABRAL – VIA ALECRIM,75,PARADA ATACADÃO,"Av. Sen. Salgado Filho - Pitimbu, Natal - RN, 59080-000, Brasil",linha98.pdf,3
98,ABEL CABRAL – VIA ALECRIM,76,PARDA EM FRENTE A KERO KERO,"Av. Sen. Salgado Filho - Pitimbu, Natal - RN, 59086-000, Brasil",linha98.pdf,3
98,ABEL CABRAL – VIA ALECRIM,77,PARADA DA DIVEP.,"Av Abel Cabral, 66, Rio Grande Do Norte, Nova Parnamirim (Parnamirim)",linha98.pdf,3
98,ABEL CABRAL – VIA ALECRIM,78,PARADA ESPAÇO REDUZIDO,"Av Abel Cabral, 398, Rio Grande Do Norte, Nova Parnamirim (Parnamirim)",linha98.pdf,3
98,ABEL CABRAL – VIA ALECRIM,79,PARADA BOTECO RESTAURANTE E PIZZARIA,"Av Abel Cabral, 736, Rio Grande Do Norte, Nova Parnamirim (Parnamirim)",linha98.pdf,3
98,ABEL CABRAL – VIA ALECRIM,80,PARADA MANARÁ,"R. dos Juritis - Parque do Pitimbu, Parnamirim - RN, 59150-210, Brasil",linha98.pdf,3
98,ABEL CABRAL – VIA ALECRIM,81,PARADA CDA DISTRIBUIDORA,"Av. Abel Cabral, 1004-1096 - Parque do Pitimbu, Parnamirim - RN, 59151-250, Brasil",linha98.pdf,3
98,ABEL CABRAL – VIA ALECRIM,82,PARADA DA MC DONALDS,"Av. Abel Cabral, 1288-1396 - Parque do Pitimbu, Parnamirim - RN, 59151-250, Brasil",linha98.pdf,3
98,ABEL CABRAL – VIA ALECRIM,83,PARADA OVERDOSE VOLTA,"Av Abel Cabral, 1566, Rio Grande Do Norte, Nova Parnamirim (Parnamirim)",linha98.pdf,3
98,ABEL CABRAL – VIA ALECRIM,84,PARADA DE FRENTE AO CONDOMINIO ARCO IRIS,"Av. Abel Cabral, 1780-1842 - Parque do Pitimbu, Parnamirim - RN, 59151-250, Brasil",linha98.pdf,3
98,ABEL CABRAL – VIA ALECRIM,85,PARADA EM FRENTE A PREFEITURA,"Av Abel Cabral, 2020, Rio Grande Do Norte, Nova Parnamirim (Parnamirim)",linha98.pdf,3
98,ABEL CABRAL – VIA ALECRIM,86,PARADA TROPICAL LANCHES,"Av Abel Cabral, 2394, Rio Grande Do Norte, Nova Parnamirim (Parnamirim)",linha98.pdf,3
98,ABEL CABRAL – VIA ALECRIM,87,PARADA IGREJA ASSEMBLÉIA DE DEUS ABEL VOLTA,"Av Abel Cabral, 2692, Rio Grande Do Norte, Nova Parnamirim (Parnamirim)",linha98.pdf,3
98,ABEL CABRAL – VIA ALECRIM,88,PN312,"R Adail Pamplona De Menezes, 318, Rio Grande Do Norte, Nova Parnamirim (Parnamirim)",linha98.pdf,3
98,ABEL CABRAL – VIA ALECRIM,89,PN313,"R Adail Pamplona De Menezes, 530, Rio Grande Do Norte, Nova Parnamirim (Parnamirim)",linha98.pdf,3
98,ABEL CABRAL – VIA ALECRIM,90,PARADA EM FRENTE AO VAREJÃO VITÓRIA,"R Adail Pamplona De Menezes, 662, Rio Grande Do Norte, Nova Parnamirim (Parnamirim)",linha98.pdf,4
98,ABEL CABRAL – VIA ALECRIM,91,PARADA GRUPO CONRADO,"R. Padre Miguel, 460-462 - Parque do Pitimbu, Parnamirim - RN, 59150-440, Brasil",linha98.pdf,4
