linha,titulo_linha,ordem,seq,parada_id,nome_raw,nome_limpo,sentido_no_nome,salto_seq
738,MARIA LACERDA – VIA ALECRIM,1,2,P001,Terminal de Nova Parnamirim,TERMINAL DE NOVA PARNAMIRIM,,False
738,MARIA LACERDA – VIA ALECRIM,2,3,P002,PARADA TERMINAL IDA,TERMINAL,ida,False
738,MARIA LACERDA – VIA ALECRIM,3,4,P003,PARADA CONDOMÍNIO ITATIAIA,CONDOMINIO ITATIAIA,,False
738,MARIA LACERDA – VIA ALECRIM,4,5,P004,PARADA BANCA PRÁTICA,BANCA PRATICA,,False
738,MARIA LACERDA – VIA ALECRIM,5,6,P005,PARADA IGREJA CRISTO NO BRASIL,IGREJA CRISTO NO BRASIL,,False
738,MARIA LACERDA – VIA ALECRIM,6,7,P006,PARADA DE FRENTE AO CEPE,CEPE,,False
738,MARIA LACERDA – VIA ALECRIM,7,8,P007,PARADA LATERAL DO CEPE,LATERAL DO CEPE,,False
738,MARIA LACERDA – VIA ALECRIM,8,9,P008,PARADA JOANINHA BABY,JOANINHA BABY,,False
738,MARIA LACERDA – VIA ALECRIM,9,10,P009,PARADA PITTS BURG,PITTS BURG,,False
738,MARIA LACERDA – VIA ALECRIM,10,11,P010,PARADA BONSAI SUSHI,BONSAI SUSHI,,False
738,MARIA LACERDA – VIA ALECRIM,11,12,P011,PARADA MERCADINHO LJ,MERCADINHO LJ,,False
738,MARIA LACERDA – VIA ALECRIM,12,13,P012,PARADA RESTAURANTE BOM DE BOCA,RESTAURANTE BOM DE BOCA,,False
738,MARIA LACERDA – VIA ALECRIM,13,14,P013,PARADA EM FRENTE AO NORDESTÃO,NORDESTAO,,False
738,MARIA LACERDA – VIA ALECRIM,14,15,P014,PARADA RESTAURANTE CASA GRANDE,RESTAURANTE CASA GRANDE,,False
738,MARIA LACERDA – VIA ALECRIM,15,16,P015,PARADA GRAMADO HALL MRV,GRAMADO HALL MRV,,False
738,MARIA LACERDA – VIA ALECRIM,16,17,P016,PARADA SHOPPING REIS MAGOS,SHOPPING REIS MAGOS,,False
738,MARIA LACERDA – VIA ALECRIM,17,18,P017,PARADA DA CAIXA ECONÔMICA IDA,CAIXA ECONOMICA,ida,False
738,MARIA LACERDA – VIA ALECRIM,18,19,P018,PARADA MARCO ZERO.,MARCO ZERO,,False
738,MARIA LACERDA – VIA ALECRIM,19,20,P019,PARADA ESPAÇO SALUTTE,ESPACO SALUTTE,,False
738,MARIA LACERDA – VIA ALECRIM,20,21,P020,PARADA KERO KERO,KERO KERO,,False
738,MARIA LACERDA – VIA ALECRIM,21,22,P021,PARADA AÇAI IDA,ACAI,ida,False
738,MARIA LACERDA – VIA ALECRIM,22,23,P022,PARADA ATACADÃO IDA,ATACADAO,ida,False
738,MARIA LACERDA – VIA ALECRIM,23,24,P023,PARADA MOTEL VISION,MOTEL VISION,,False
738,MARIA LACERDA – VIA ALECRIM,24,25,P024,PARADA EM FRENTE A SAMS CLUB,SAMS CLUB,,False
738,MARIA LACERDA – VIA ALECRIM,25,26,P025,PARADA PASSARELA DE NEOPOLIS,PASSARELA DE NEOPOLIS,,False
738,MARIA LACERDA – VIA ALECRIM,26,27,P026,PARADA DA HYUNDAI,HYUNDAI,,False
738,MARIA LACERDA – VIA ALECRIM,27,28,P027,PARADA PG PRIME,PG PRIME,,False
738,MARIA LACERDA – VIA ALECRIM,28,29,P028,PARADA ESTAÇÃO VIA DIRETA,ESTACAO VIA DIRETA,,False
738,MARIA LACERDA – VIA ALECRIM,29,30,P029,PARADA PASSARELA DE POTILANDIA,PASSARELA DE POTILANDIA,,False
738,MARIA LACERDA – VIA ALECRIM,30,31,P030,PARADA DA UNIVERSAL,UNIVERSAL,,False
738,MARIA LACERDA – VIA ALECRIM,31,32,P031,PARADA PIZZARIA DONA MARIA,PIZZARIA DONA MARIA,,False
738,MARIA LACERDA – VIA ALECRIM,32,33,P032,PARADA NORDESTÃO.,NORDESTAO,,False
738,MARIA LACERDA – VIA ALECRIM,33,34,P033,PARADA CONDOMÍNIO MORRO BRANCO,CONDOMINIO MORRO BRANCO,,False
738,MARIA LACERDA – VIA ALECRIM,34,35,P034,PARADA MERCEARIA SR. ROCHA,MERCEARIA SR. ROCHA,,False
738,MARIA LACERDA – VIA ALECRIM,35,36,P035,PARADA LATERAL DO IFRN,LATERAL DO IFRN,,False
738,MARIA LACERDA – VIA ALECRIM,36,37,P036,PARADA DO MID,MID,,False
738,MARIA LACERDA – VIA ALECRIM,37,38,P037,PARADA IGREJA PENTECOSTAL DE JERUSALEM,IGREJA PENTECOSTAL DE JERUSALEM,,False
738,MARIA LACERDA – VIA ALECRIM,38,39,P038,PARADA STYLUS DECORAÇÕES,STYLUS DECORACOES,,False
738,MARIA LACERDA – VIA ALECRIM,39,40,P039,PP2,PP2,,False
738,MARIA LACERDA – VIA ALECRIM,40,41,P040,PARADA MINISTÉRIO DO TRABALHO,MINISTERIO DO TRABALHO,,False
738,MARIA LACERDA – VIA ALECRIM,41,42,P041,PARADA NICOLE MODAS,NICOLE MODAS,,False
738,MARIA LACERDA – VIA ALECRIM,42,43,P042,PARADA DE FRENTE AO BRADESCO ALECRIM,BRADESCO ALECRIM,,False
738,MARIA LACERDA – VIA ALECRIM,43,44,P043,PARADA RESTAURANTE COMA BEM,RESTAURANTE COMA BEM,,False
738,MARIA LACERDA – VIA ALECRIM,44,45,P044,PARADA IGREJA CRISTÃ DAS NAÇÕES,IGREJA CRISTA DAS NACOES,,False
738,MARIA LACERDA – VIA ALECRIM,45,46,P045,PARADA DO BAUDO,BAUDO,,False
738,MARIA LACERDA – VIA ALECRIM,46,47,P046,PARADA DA CïA,CIA,,False
738,MARIA LACERDA – VIA ALECRIM,47,48,P047,PARADA AMERICANAS,AMERICANAS,,False
738,MARIA LACERDA – VIA ALECRIM,48,49,P048,Ribeira,RIBEIRA,,False
738,MARIA LACERDA – VIA ALECRIM,49,50,P049,PARADA PRAÇA 7 DE SETEMBRO,PRACA 7 DE SETEMBRO,,False
738,MARIA LACERDA – VIA ALECRIM,50,51,P050,PARADA ANTES DA JANNA BABYS,ANTES DA JANNA BABYS,,False
738,MARIA LACERDA – VIA ALECRIM,51,52,P051,PARADA DA PRAÇA CÍVICA NILIO PEÇANHA,PRACA CIVICA NILIO PECANHA,,False
738,MARIA LACERDA – VIA ALECRIM,52,53,P052,PARADA CLINICA DE SANTA BEATRIZ,CLINICA DE SANTA BEATRIZ,,False
738,MARIA LACERDA – VIA ALECRIM,53,54,P053,PARADA PRAÇA DAS FLORES,PRACA DAS FLORES,,False
738,MARIA LACERDA – VIA ALECRIM,54,55,P054,PARADA FARMAFORMULA,FARMAFORMULA,,False
738,MARIA LACERDA – VIA ALECRIM,55,56,P055,PARADA DE FRENTE AO JUVENAL LAMARTINE,JUVENAL LAMARTINE,,False
738,MARIA LACERDA – VIA ALECRIM,56,57,P056,PARADA FARMÁCIA PAGUE MENOS,FARMACIA PAGUE MENOS,,False
738,MARIA LACERDA – VIA ALECRIM,57,58,P057,PARADA ESPAÇO REDUZIDO,ESPACO REDUZIDO,,False
738,MARIA LACERDA – VIA ALECRIM,58,59,P058,PARADA MARCATO,MARCATO,,False
738,MARIA LACERDA – VIA ALECRIM,59,60,P059,PARADA FINAL DO AEROCLUBE,FINAL DO AEROCLUBE,,False
738,MARIA LACERDA – VIA ALECRIM,60,61,P060,PARADA DO ANTIGO COLÉGIO BEREIANO,ANTIGO COLEGIO BEREIANO,,False
738,MARIA LACERDA – VIA ALECRIM,61,62,P061,PARADA FRENTE AO MID,FRENTE AO MID,,False
738,MARIA LACERDA – VIA ALECRIM,62,63,P062,PARADA CONDOMÍNIO PAIS DE GALE,CONDOMINIO PAIS DE GALE,,False
738,MARIA LACERDA – VIA ALECRIM,63,64,P063,PARADA PORTUGAL CENTER,PORTUGAL CENTER,,False
738,MARIA LACERDA – VIA ALECRIM,64,65,P064,PARADA DOM GURMET,DOM GURMET,,False
738,MARIA LACERDA – VIA ALECRIM,65,66,P065,PARADA POSTO ALVARO 105 GOVERNADORIA,POSTO ALVARO 105 GOVERNADORIA,,False
738,MARIA LACERDA – VIA ALECRIM,66,67,P066,PARADA BANCO BRADESCO E ITAUBR,BANCO BRADESCO E ITAUBR,,False
738,MARIA LACERDA – VIA ALECRIM,67,68,P067,PARADA ESTAÇÃO CARREFOUR,ESTACAO CARREFOUR,,False
738,MARIA LACERDA – VIA ALECRIM,68,69,P068,PARADA ANTIGA SALINAS,ANTIGA SALINAS,,False
738,MARIA LACERDA – VIA ALECRIM,69,70,P069,PARADA POSTO BR NOVO HORIZONTE,POSTO BR NOVO HORIZONTE,,False
738,MARIA LACERDA – VIA ALECRIM,70,71,P070,PARADA PASSARELA NÉOPOLIS SENTIDO PARANAMIRIM,PASSARELA NEOPOLIS SENTIDO PARANAMIRIM,,False
738,MARIA LACERDA – VIA ALECRIM,71,72,P071,PARADA DA SAMS CLUB SENTIDO PARNAMIRIM,SAMS CLUB SENTIDO PARNAMIRIM,,False
738,MARIA LACERDA – VIA ALECRIM,72,73,P072,PARADA CAR BOX,CAR BOX,,False
738,MARIA LACERDA – VIA ALECRIM,73,74,P073,PARADA ATACADÃO,ATACADAO,,False
738,MARIA LACERDA – VIA ALECRIM,74,75,P074,PARADA DA DIVEP.,DIVEP,,False
738,MARIA LACERDA – VIA ALECRIM,75,76,P075,PARADA DA CAIXA ECONÔMICA DA MARIA LACERDA,CAIXA ECONOMICA DA MARIA LACERDA,,False
738,MARIA LACERDA – VIA ALECRIM,76,77,P076,PARADA RESTAURANTE TEMPERO DA MARIA,RESTAURANTE TEMPERO DA MARIA,,False
738,MARIA LACERDA – VIA ALECRIM,77,78,P077,PARADA DO EXTRA,EXTRA,,False
738,MARIA LACERDA – VIA ALECRIM,78,79,P078,PARADA DO COLINAS DO SOL,COLINAS DO SOL,,False
738,MARIA LACERDA – VIA ALECRIM,79,80,P079,PARADA CASA DO BOLO,CASA DO BOLO,,False
738,MARIA LACERDA – VIA ALECRIM,80,81,P080,PARADA CLAUDI MOVEIS,CLAUDI MOVEIS,,False
738,MARIA LACERDA – VIA ALECRIM,81,82,P081,PARADA AÇAÍ BIRUTA,ACAI BIRUTA,,False
738,MARIA LACERDA – VIA ALECRIM,82,83,P082,PARADA RESTAURANTE BOM PREÇO,RESTAURANTE BOM PRECO,,False
738,MARIA LACERDA – VIA ALECRIM,83,84,P083,PARADA LATERAL DE CEPE VOLTA,LATERAL DE CEPE,volta,False
738,MARIA LACERDA – VIA ALECRIM,84,85,P084,PARADA HAMBURGO STYLE,HAMBURGO STYLE,,False
738,MARIA LACERDA – VIA ALECRIM,85,86,P085,PARADA CAMPO CERRADO,CAMPO CERRADO,,False
738,MARIA LACERDA – VIA ALECRIM,86,87,P086,PARADA TERMINAL VOLTA,TERMINAL,volta,False
738,MARIA LACERDA – VIA ALECRIM,87,88,P087,PARADA EM FRENTE A KERO KERO.,KERO KERO,,False
740,MARIA LACERDA – VIA PRAÇA,1,2,P001,Terminal de Nova Parnamirim,TERMINAL DE NOVA PARNAMIRIM,,False
740,MARIA LACERDA – VIA PRAÇA,2,3,P002,PARADA TERMINAL IDA,TERMINAL,ida,False
740,MARIA LACERDA – VIA PRAÇA,3,4,P003,PARADA CONDOMÍNIO ITATIAIA,CONDOMINIO ITATIAIA,,False
740,MARIA LACERDA – VIA PRAÇA,4,5,P004,PARADA BANCA PRÁTICA,BANCA PRATICA,,False
740,MARIA LACERDA – VIA PRAÇA,5,6,P005,PARADA IGREJA CRISTO NO BRASIL,IGREJA CRISTO NO BRASIL,,False
740,MARIA LACERDA – VIA PRAÇA,6,7,P007,PARADA LATERAL DO CEPE,LATERAL DO CEPE,,False
740,MARIA LACERDA – VIA PRAÇA,7,8,P008,PARADA JOANINHA BABY,JOANINHA BABY,,False
740,MARIA LACERDA – VIA PRAÇA,8,9,P009,PARADA PITTS BURG,PITTS BURG,,False
740,MARIA LACERDA – VIA PRAÇA,9,10,P010,PARADA BONSAI SUSHI,BONSAI SUSHI,,False
740,MARIA LACERDA – VIA PRAÇA,10,11,P011,PARADA MERCADINHO LJ,MERCADINHO LJ,,False
740,MARIA LACERDA – VIA PRAÇA,11,12,P012,PARADA RESTAURANTE BOM DE BOCA,RESTAURANTE BOM DE BOCA,,False
740,MARIA LACERDA – VIA PRAÇA,12,13,P013,PARADA EM FRENTE AO NORDESTÃO,NORDESTAO,,False
740,MARIA LACERDA – VIA PRAÇA,13,14,P014,PARADA RESTAURANTE CASA GRANDE,RESTAURANTE CASA GRANDE,,False
740,MARIA LACERDA – VIA PRAÇA,14,15,P015,PARADA GRAMADO HALL MRV,GRAMADO HALL MRV,,False
740,MARIA LACERDA – VIA PRAÇA,15,16,P016,PARADA SHOPPING REIS MAGOS,SHOPPING REIS MAGOS,,False
740,MARIA LACERDA – VIA PRAÇA,16,17,P017,PARADA DA CAIXA ECONÔMICA IDA,CAIXA ECONOMICA,ida,False
740,MARIA LACERDA – VIA PRAÇA,17,18,P018,PARADA MARCO ZERO.,MARCO ZERO,,False
740,MARIA LACERDA – VIA PRAÇA,18,19,P088,PARADA ESPAÇO SALLUTE,ESPACO SALLUTE,,False
740,MARIA LACERDA – VIA PRAÇA,19,20,P089,PARADA MARCO ZERO MARCO AÇAÍ,MARCO ZERO MARCO ACAI,,False
740,MARIA LACERDA – VIA PRAÇA,20,21,P019,PARADA ESPAÇO SALUTTE,ESPACO SALUTTE,,False
740,MARIA LACERDA – VIA PRAÇA,21,22,P020,PARADA KERO KERO,KERO KERO,,False
740,MARIA LACERDA – VIA PRAÇA,22,23,P021,PARADA AÇAI IDA,ACAI,ida,False
740,MARIA LACERDA – VIA PRAÇA,23,24,P022,PARADA ATACADÃO IDA,ATACADAO,ida,False
740,MARIA LACERDA – VIA PRAÇA,24,25,P023,PARADA MOTEL VISION,MOTEL VISION,,False
740,MARIA LACERDA – VIA PRAÇA,25,26,P024,PARADA EM FRENTE A SAMS CLUB,SAMS CLUB,,False
740,MARIA LACERDA – VIA PRAÇA,26,27,P025,PARADA PASSARELA DE NEOPOLIS,PASSARELA DE NEOPOLIS,,False
740,MARIA LACERDA – VIA PRAÇA,27,28,P026,PARADA DA HYUNDAI,HYUNDAI,,False
740,MARIA LACERDA – VIA PRAÇA,28,29,P027,PARADA PG PRIME,PG PRIME,,False
740,MARIA LACERDA – VIA PRAÇA,29,30,P028,PARADA ESTAÇÃO VIA DIRETA,ESTACAO VIA DIRETA,,False
740,MARIA LACERDA – VIA PRAÇA,30,31,P029,PARADA PASSARELA DE POTILANDIA,PASSARELA DE POTILANDIA,,False
740,MARIA LACERDA – VIA PRAÇA,31,32,P030,PARADA DA UNIVERSAL,UNIVERSAL,,False
740,MARIA LACERDA – VIA PRAÇA,32,33,P031,PARADA PIZZARIA DONA MARIA,PIZZARIA DONA MARIA,,False
740,MARIA LACERDA – VIA PRAÇA,33,34,P032,PARADA NORDESTÃO.,NORDESTAO,,False
740,MARIA LACERDA – VIA PRAÇA,34,35,P090,PARADA IFRN,IFRN,,False
740,MARIA LACERDA – VIA PRAÇA,35,36,P091,PARADA VILLA PARK,VILLA PARK,,False
740,MARIA LACERDA – VIA PRAÇA,36,37,P092,PARADA DO BATALHÃO 16,BATALHAO 16,,False
740,MARIA LACERDA – VIA PRAÇA,37,38,P093,PARADA IDEA DE MOVEIS,IDEA DE MOVEIS,,False
740,MARIA LACERDA – VIA PRAÇA,38,39,P094,PARADA UNIVERSIDADE DA PICANHA,UNIVERSIDADE DA PICANHA,,False
740,MARIA LACERDA – VIA PRAÇA,39,40,P095,PARADA BIENOVA,BIENOVA,,False
740,MARIA LACERDA – VIA PRAÇA,40,41,P096,CAMPO JUVENAL LAMARTINE,CAMPO JUVENAL LAMARTINE,,False
740,MARIA LACERDA – VIA PRAÇA,41,42,P097,PARADA PRÉDIO VELHO,PREDIO VELHO,,False
740,MARIA LACERDA – VIA PRAÇA,42,43,P098,PARADA MERCADO PETROPOLIS,MERCADO PETROPOLIS,,False
740,MARIA LACERDA – VIA PRAÇA,43,44,P099,PARADA HARMONY MEDICAL CENTER,HARMONY MEDICAL CENTER,,False
740,MARIA LACERDA – VIA PRAÇA,44,45,P100,PARADA PRAÇA CIVICA,PRACA CIVICA,,False
740,MARIA LACERDA – VIA PRAÇA,45,46,P101,HOSPITAL VARELA SANTIAGO,HOSPITAL VARELA SANTIAGO,,False
740,MARIA LACERDA – VIA PRAÇA,46,47,P102,PARADA BANCO ITAU CIDADE,BANCO ITAU CIDADE,,False
740,MARIA LACERDA – VIA PRAÇA,47,48,P103,PARADA ARQUIVO TRIBUNAL DE JUSTIÇA,ARQUIVO TRIBUNAL DE JUSTICA,,False
740,MARIA LACERDA – VIA PRAÇA,48,49,P046,PARADA DA CïA,CIA,,False
740,MARIA LACERDA – VIA PRAÇA,49,50,P047,PARADA AMERICANAS,AMERICANAS,,False
740,MARIA LACERDA – VIA PRAÇA,50,51,P048,Ribeira,RIBEIRA,,False
740,MARIA LACERDA – VIA PRAÇA,51,52,P104,PRAÇA PRAÇA JOÃO TIBURCIO,PRACA PRACA JOAO TIBURCIO,,False
740,MARIA LACERDA – VIA PRAÇA,52,53,P105,PARADA DO BALDO VOLTA,BALDO,volta,False
740,MARIA LACERDA – VIA PRAÇA,53,54,P106,PARADA CEMITÉRIO DO ALECRIM,CEMITERIO DO ALECRIM,,False
740,MARIA LACERDA – VIA PRAÇA,54,55,P107,PARADA INSINUANTE ALECRIM,INSINUANTE ALECRIM,,False
740,MARIA LACERDA – VIA PRAÇA,55,56,P108,PARADA DEPOIS DO BRADESCO ALECRIM,DEPOIS DO BRADESCO ALECRIM,,False
740,MARIA LACERDA – VIA PRAÇA,56,57,P109,PARADA DA LAMPADINHA ALECRIM,LAMPADINHA ALECRIM,,False
740,MARIA LACERDA – VIA PRAÇA,57,58,P110,PARADA MARTELINHO DE OURO,MARTELINHO DE OURO,,False
740,MARIA LACERDA – VIA PRAÇA,58,59,P111,PARADA AROLDO AUTO PEÇAS,AROLDO AUTO PECAS,,False
740,MARIA LACERDA – VIA PRAÇA,59,60,P112,PARADA POSTO BR PRÓXIMO AO MID,POSTO BR PROXIMO AO MID,,False
740,MARIA LACERDA – VIA PRAÇA,60,61,P036,PARADA EM FRENTE AO MID,MID,,False
740,MARIA LACERDA – VIA PRAÇA,61,62,P062,PARADA CONDOMÍNIO PAIS DE GALE,CONDOMINIO PAIS DE GALE,,False
740,MARIA LACERDA – VIA PRAÇA,62,63,P063,PARADA PORTUGAL CENTER,PORTUGAL CENTER,,False
740,MARIA LACERDA – VIA PRAÇA,63,64,P064,PARADA DOM GURMET,DOM GURMET,,False
740,MARIA LACERDA – VIA PRAÇA,64,65,P065,PARADA POSTO ALVARO 105 GOVERNADORIA,POSTO ALVARO 105 GOVERNADORIA,,False
740,MARIA LACERDA – VIA PRAÇA,65,66,P067,PARADA ESTAÇÃO CARREFOUR,ESTACAO CARREFOUR,,False
740,MARIA LACERDA – VIA PRAÇA,66,67,P068,PARADA ANTIGA SALINAS,ANTIGA SALINAS,,False
740,MARIA LACERDA – VIA PRAÇA,67,68,P069,PARADA POSTO BR NOVO HORIZONTE,POSTO BR NOVO HORIZONTE,,False
740,MARIA LACERDA – VIA PRAÇA,68,69,P070,PARADA PASSARELA NÉOPOLIS SENTIDO PARANAMIRIM,PASSARELA NEOPOLIS SENTIDO PARANAMIRIM,,False
740,MARIA LACERDA – VIA PRAÇA,69,70,P071,PARADA DA SAMS CLUB SENTIDO PARNAMIRIM,SAMS CLUB SENTIDO PARNAMIRIM,,False
740,MARIA LACERDA – VIA PRAÇA,70,71,P072,PARADA CAR BOX,CAR BOX,,False
740,MARIA LACERDA – VIA PRAÇA,71,72,P073,PARADA ATACADÃO,ATACADAO,,False
740,MARIA LACERDA – VIA PRAÇA,72,73,P087,PARDA EM FRENTE A KERO KERO,KERO KERO,,False
740,MARIA LACERDA – VIA PRAÇA,73,74,P074,PARADA DA DIVEP.,DIVEP,,False
740,MARIA LACERDA – VIA PRAÇA,74,75,P075,PARADA DA CAIXA ECONÔMICA DA MARIA LACERDA,CAIXA ECONOMICA DA MARIA LACERDA,,False
740,MARIA LACERDA – VIA PRAÇA,75,76,P076,PARADA RESTAURANTE TEMPERO DA MARIA,RESTAURANTE TEMPERO DA MARIA,,False
740,MARIA LACERDA – VIA PRAÇA,76,77,P077,PARADA DO EXTRA,EXTRA,,False
740,MARIA LACERDA – VIA PRAÇA,77,78,P078,PARADA DO COLINAS DO SOL,COLINAS DO SOL,,False
740,MARIA LACERDA – VIA PRAÇA,78,79,P079,PARADA CASA DO BOLO,CASA DO BOLO,,False
740,MARIA LACERDA – VIA PRAÇA,79,80,P080,PARADA CLAUDI MOVEIS,CLAUDI MOVEIS,,False
740,MARIA LACERDA – VIA PRAÇA,80,81,P081,PARADA AÇAÍ BIRUTA,ACAI BIRUTA,,False
740,MARIA LACERDA – VIA PRAÇA,81,82,P082,PARADA RESTAURANTE BOM PREÇO,RESTAURANTE BOM PRECO,,False
740,MARIA LACERDA – VIA PRAÇA,82,83,P083,PARADA LATERAL DE CEPE VOLTA,LATERAL DE CEPE,volta,False
740,MARIA LACERDA – VIA PRAÇA,83,84,P084,PARADA HAMBURGO STYLE,HAMBURGO STYLE,,False
740,MARIA LACERDA – VIA PRAÇA,84,85,P085,PARADA CAMPO CERRADO,CAMPO CERRADO,,False
745.1,CIRCULAR PONTA NEGRA VIA MARIA LACERDA,1,2,P001,Terminal de Nova Parnamirim,TERMINAL DE NOVA PARNAMIRIM,,False
745.1,CIRCULAR PONTA NEGRA VIA MARIA LACERDA,2,3,P003,PARADA CONDOMÍNIO ITATIAIA,CONDOMINIO ITATIAIA,,False
745.1,CIRCULAR PONTA NEGRA VIA MARIA LACERDA,3,4,P004,PARADA BANCA PRÁTICA,BANCA PRATICA,,False
745.1,CIRCULAR PONTA NEGRA VIA MARIA LACERDA,4,5,P005,PARADA IGREJA CRISTO NO BRASIL,IGREJA CRISTO NO BRASIL,,False
745.1,CIRCULAR PONTA NEGRA VIA MARIA LACERDA,5,6,P006,PARADA EM FRENTE AO CEPE,CEPE,,False
745.1,CIRCULAR PONTA NEGRA VIA MARIA LACERDA,6,7,P007,PARADA LATERAL DO CEPE,LATERAL DO CEPE,,False
745.1,CIRCULAR PONTA NEGRA VIA MARIA LACERDA,7,8,P008,PARADA JOANINHA BABY,JOANINHA BABY,,False
745.1,CIRCULAR PONTA NEGRA VIA MARIA LACERDA,8,9,P009,PARADA PITTS BURG,PITTS BURG,,False
745.1,CIRCULAR PONTA NEGRA VIA MARIA LACERDA,9,10,P010,PARADA BONSAI SUSHI,BONSAI SUSHI,,False
745.1,CIRCULAR PONTA NEGRA VIA MARIA LACERDA,10,11,P011,PARADA MERCADINHO LJ,MERCADINHO LJ,,False
745.1,CIRCULAR PONTA NEGRA VIA MARIA LACERDA,11,12,P012,PARADA RESTAURANTE BOM DE BOCA,RESTAURANTE BOM DE BOCA,,False
745.1,CIRCULAR PONTA NEGRA VIA MARIA LACERDA,12,13,P013,PARADA NORDESTÃO,NORDESTAO,,False
745.1,CIRCULAR PONTA NEGRA VIA MARIA LACERDA,13,14,P014,PARADA RESTAURANTE CASA GRANDE,RESTAURANTE CASA GRANDE,,False
745.1,CIRCULAR PONTA NEGRA VIA MARIA LACERDA,14,15,P015,PARADA GRAMADO HALL MRV,GRAMADO HALL MRV,,False
745.1,CIRCULAR PONTA NEGRA VIA MARIA LACERDA,15,16,P016,PARADA SHOPPING REIS MAGOS,SHOPPING REIS MAGOS,,False
745.1,CIRCULAR PONTA NEGRA VIA MARIA LACERDA,16,17,P017,PARADA DA CAIXA ECONÔMICA IDA,CAIXA ECONOMICA,ida,False
745.1,CIRCULAR PONTA NEGRA VIA MARIA LACERDA,17,18,P089,PARADA MARCO ZERO MARCO AÇAÍ,MARCO ZERO MARCO ACAI,,False
745.1,CIRCULAR PONTA NEGRA VIA MARIA LACERDA,18,19,P019,PARADA ESPAÇO SALUTTE,ESPACO SALUTTE,,False
745.1,CIRCULAR PONTA NEGRA VIA MARIA LACERDA,19,20,P020,PARADA KERO KERO,KERO KERO,,False
745.1,CIRCULAR PONTA NEGRA VIA MARIA LACERDA,20,21,P021,PARADA AÇAI IDA,ACAI,ida,False
745.1,CIRCULAR PONTA NEGRA VIA MARIA LACERDA,21,22,P022,PARADA ATACADÃO IDA,ATACADAO,ida,False
745.1,CIRCULAR PONTA NEGRA VIA MARIA LACERDA,22,23,P023,PARADA MOTEL VISION,MOTEL VISION,,False
745.1,CIRCULAR PONTA NEGRA VIA MARIA LACERDA,23,24,P024,PARADA EM FRENTE A SAMS CLUB,SAMS CLUB,,False
745.1,CIRCULAR PONTA NEGRA VIA MARIA LACERDA,24,25,P025,PARADA PASSARELA DE NEOPOLIS,PASSARELA DE NEOPOLIS,,False
745.1,CIRCULAR PONTA NEGRA VIA MARIA LACERDA,25,26,P026,PARADA DA HYUNDAI,HYUNDAI,,False
745.1,CIRCULAR PONTA NEGRA VIA MARIA LACERDA,26,27,P027,PARADA PG PRIME,PG PRIME,,False
745.1,CIRCULAR PONTA NEGRA VIA MARIA LACERDA,27,28,P028,PARADA ESTAÇÃO VIA DIRETA,ESTACAO VIA DIRETA,,False
745.1,CIRCULAR PONTA NEGRA VIA MARIA LACERDA,28,30,P113,PN329,PN329,,True
745.1,CIRCULAR PONTA NEGRA VIA MARIA LACERDA,29,31,P067,PARADA ESTAÇÃO CARREFOUR,ESTACAO CARREFOUR,,False
745.1,CIRCULAR PONTA NEGRA VIA MARIA LACERDA,30,32,P114,PARADA CIDADE JARDIM,CIDADE JARDIM,,False
745.1,CIRCULAR PONTA NEGRA VIA MARIA LACERDA,31,33,P115,PARADA SANTANDER,SANTANDER,,False
745.1,CIRCULAR PONTA NEGRA VIA MARIA LACERDA,32,34,P116,PARADA MAURICIO DE NASSAU,MAURICIO DE NASSAU,,False
745.1,CIRCULAR PONTA NEGRA VIA MARIA LACERDA,33,35,P117,PARADA EXTRA,EXTRA,,False
745.1,CIRCULAR PONTA NEGRA VIA MARIA LACERDA,34,36,P118,SHOPPING SEEWAY,SHOPPING SEEWAY,,False
745.1,CIRCULAR PONTA NEGRA VIA MARIA LACERDA,35,37,P119,PARADA UNP,UNP,,False
745.1,CIRCULAR PONTA NEGRA VIA MARIA LACERDA,36,38,P120,PARADA TABUA DE CARNE,TABUA DE CARNE,,False
745.1,CIRCULAR PONTA NEGRA VIA MARIA LACERDA,37,39,P121,PARADA ESTÁCIO,ESTACIO,,False
745.1,CIRCULAR PONTA NEGRA VIA MARIA LACERDA,38,40,P122,PARADA PRAIA SHOPPING,PRAIA SHOPPING,,False
745.1,CIRCULAR PONTA NEGRA VIA MARIA LACERDA,39,41,P123,PARADA DA FEIRA DE ARTESANATO,FEIRA DE ARTESANATO,,False
745.1,CIRCULAR PONTA NEGRA VIA MARIA LACERDA,40,42,P124,PARADA BAR E PALESI,BAR E PALESI,,False
745.1,CIRCULAR PONTA NEGRA VIA MARIA LACERDA,41,43,P125,PARADA DO DECKY BAR,DECKY BAR,,False
745.1,CIRCULAR PONTA NEGRA VIA MARIA LACERDA,42,44,P126,PARADA DA CIGARREIRA ROTA DO SOL,CIGARREIRA ROTA DO SOL,,False
745.1,CIRCULAR PONTA NEGRA VIA MARIA LACERDA,43,45,P127,PARADA DO POSTO SHELL,POSTO SHELL,,False
745.1,CIRCULAR PONTA NEGRA VIA MARIA LACERDA,44,46,P128,PARADA DOLCE AMORE,DOLCE AMORE,,False
745.1,CIRCULAR PONTA NEGRA VIA MARIA LACERDA,45,47,P129,PN345,PN345,,False
745.1,CIRCULAR PONTA NEGRA VIA MARIA LACERDA,46,48,P130,PARADA DA ROTATORIA,ROTATORIA,,False
745.1,CIRCULAR PONTA NEGRA VIA MARIA LACERDA,47,49,P131,PARADA SOLAR ENERGIAS RENOVAVEIS,SOLAR ENERGIAS RENOVAVEIS,,False
745.1,CIRCULAR PONTA NEGRA VIA MARIA LACERDA,48,50,P132,PARADA IGREJA PENTECOSTAL,IGREJA PENTECOSTAL,,False
745.1,CIRCULAR PONTA NEGRA VIA MARIA LACERDA,49,51,P133,PARADA IGREJA GUERREIROS DA ORAÇÃO,IGREJA GUERREIROS DA ORACAO,,False
745.2,CIRCULAR PONTA NEGRA VIA ABEL CABRAL,1,2,P134,TERMINAL,TERMINAL,,False
745.2,CIRCULAR PONTA NEGRA VIA ABEL CABRAL,2,3,P135,PARADA IGREJA PETENCOSTAL,IGREJA PETENCOSTAL,,False
745.2,CIRCULAR PONTA NEGRA VIA ABEL CABRAL,3,4,P136,PARADA DA ROTATORIA PN,ROTATORIA PN,,False
745.2,CIRCULAR PONTA NEGRA VIA ABEL CABRAL,4,5,P137,PARADA DO FRASQUEIRÃO,FRASQUEIRAO,,False
745.2,CIRCULAR PONTA NEGRA VIA ABEL CABRAL,5,6,P138,PARADA ESTRELA DO ATLÂNTICO,ESTRELA DO ATLANTICO,,False
745.2,CIRCULAR PONTA NEGRA VIA ABEL CABRAL,6,7,P139,PARADA MARITIMOS BAR,MARITIMOS BAR,,False
745.2,CIRCULAR PONTA NEGRA VIA ABEL CABRAL,7,8,P140,PARADA CHIC PIZZA,CHIC PIZZA,,False
745.2,CIRCULAR PONTA NEGRA VIA ABEL CABRAL,8,9,P141,PARADA ROTA DO SOL,ROTA DO SOL,,False
745.2,CIRCULAR PONTA NEGRA VIA ABEL CABRAL,9,10,P142,PARADA EM FRENTE AO DECKY,DECKY,,False
745.2,CIRCULAR PONTA NEGRA VIA ABEL CABRAL,10,11,P143,PARADA EM FRENTE AO BARI PALESI,BARI PALESI,,False
745.2,CIRCULAR PONTA NEGRA VIA ABEL CABRAL,11,12,P144,PARADA DO CAMARÕES,CAMAROES,,False
745.2,CIRCULAR PONTA NEGRA VIA ABEL CABRAL,12,13,P145,PARADA EM FRENTE AO PRAIA SHOPPING,PRAIA SHOPPING,,False
745.2,CIRCULAR PONTA NEGRA VIA ABEL CABRAL,13,14,P146,PRAIA EM FRENTE DUNNAS SHOPPING,EM FRENTE DUNNAS SHOPPING,,False
745.2,CIRCULAR PONTA NEGRA VIA ABEL CABRAL,14,15,P147,PARADA EM FRENTE A UNP,UNP,,False
745.2,CIRCULAR PONTA NEGRA VIA ABEL CABRAL,15,16,P148,PARADA EM FRENTE AO EXTRA,EXTRA,,False
745.2,CIRCULAR PONTA NEGRA VIA ABEL CABRAL,16,17,P149,PARADA EM FRENTE A MAURICIO DE NASSAU,MAURICIO DE NASSAU,,False
745.2,CIRCULAR PONTA NEGRA VIA ABEL CABRAL,17,18,P150,PARDA EM FRENE A DROGARIA GLOBO,DROGARIA GLOBO,,False
745.2,CIRCULAR PONTA NEGRA VIA ABEL CABRAL,18,19,P151,PARADA DO BRADESCO,BRADESCO,,False
745.2,CIRCULAR PONTA NEGRA VIA ABEL CABRAL,19,20,P152,PARADA UFRN - LABORATÓRIO DE AUTOMAÇÃO,UFRN - LABORATORIO DE AUTOMACAO,,False
745.2,CIRCULAR PONTA NEGRA VIA ABEL CABRAL,20,21,P153,PARADA UFRN - CiT,UFRN - CIT,,False
745.2,CIRCULAR PONTA NEGRA VIA ABEL CABRAL,21,22,P154,PARADA UFRN - CENTRO DE BIOCIÊNCIA,UFRN - CENTRO DE BIOCIENCIA,,False
745.2,CIRCULAR PONTA NEGRA VIA ABEL CABRAL,22,23,P155,PARADA UFRN - NUPLAM 2,UFRN - NUPLAM 2,,False
745.2,CIRCULAR PONTA NEGRA VIA ABEL CABRAL,23,24,P156,PARADA UFRN - ROTATÓRIA DO NEI,UFRN - ROTATORIA DO NEI,,False
745.2,CIRCULAR PONTA NEGRA VIA ABEL CABRAL,24,25,P157,PARADA UFRN - NUPLAM,UFRN - NUPLAM,,False
745.2,CIRCULAR PONTA NEGRA VIA ABEL CABRAL,25,26,P158,PARADA MERCADINHO SÃO FRANCISCO E GINASIO,MERCADINHO SAO FRANCISCO E GINASIO,,False
745.2,CIRCULAR PONTA NEGRA VIA ABEL CABRAL,26,27,P159,PARADA IGREJA DE MIRASSOL,IGREJA DE MIRASSOL,,False
745.2,CIRCULAR PONTA NEGRA VIA ABEL CABRAL,27,28,P028,PARADA ESTAÇÃO VIA DIRETA,ESTACAO VIA DIRETA,,False
745.2,CIRCULAR PONTA NEGRA VIA ABEL CABRAL,28,29,P113,PN329,PN329,,False
745.2,CIRCULAR PONTA NEGRA VIA ABEL CABRAL,29,30,P067,PARADA ESTAÇÃO CARREFOUR,ESTACAO CARREFOUR,,False
745.2,CIRCULAR PONTA NEGRA VIA ABEL CABRAL,30,31,P068,PARADA ANTIGA SALINAS,ANTIGA SALINAS,,False
745.2,CIRCULAR PONTA NEGRA VIA ABEL CABRAL,31,32,P069,PARADA POSTO BR NOVO HORIZONTE,POSTO BR NOVO HORIZONTE,,False
745.2,CIRCULAR PONTA NEGRA VIA ABEL CABRAL,32,33,P070,PARADA PASSARELA NÉOPOLIS SENTIDO PARANAMIRIM,PASSARELA NEOPOLIS SENTIDO PARANAMIRIM,,False
745.2,CIRCULAR PONTA NEGRA VIA ABEL CABRAL,33,34,P071,PARADA DA SAMS CLUB SENTIDO PARNAMIRIM,SAMS CLUB SENTIDO PARNAMIRIM,,False
745.2,CIRCULAR PONTA NEGRA VIA ABEL CABRAL,34,35,P072,PARADA CAR BOX,CAR BOX,,False
745.2,CIRCULAR PONTA NEGRA VIA ABEL CABRAL,35,36,P073,PARADA ATACADÃO,ATACADAO,,False
745.2,CIRCULAR PONTA NEGRA VIA ABEL CABRAL,36,37,P087,PARDA EM FRENTE A KERO KERO,KERO KERO,,False
745.2,CIRCULAR PONTA NEGRA VIA ABEL CABRAL,37,38,P074,PARADA DA DIVEP.,DIVEP,,False
745.2,CIRCULAR PONTA NEGRA VIA ABEL CABRAL,38,39,P160,PARADA ESPAÇO REDUZIDO,ESPACO REDUZIDO,,False
745.2,CIRCULAR PONTA NEGRA VIA ABEL CABRAL,39,40,P161,PARADA GRUPO CONRADO,GRUPO CONRADO,,False
745.2,CIRCULAR PONTA NEGRA VIA ABEL CABRAL,40,41,P162,PARADA MANARÁ,MANARA,,False
745.2,CIRCULAR PONTA NEGRA VIA ABEL CABRAL,41,42,P163,PARADA CDA DISTRIBUIDORA,CDA DISTRIBUIDORA,,False
745.2,CIRCULAR PONTA NEGRA VIA ABEL CABRAL,42,43,P164,PARADA DA MC DONALDS,MC DONALDS,,False
745.2,CIRCULAR PONTA NEGRA VIA ABEL CABRAL,43,44,P165,PARADA OVERDOSE,OVERDOSE,,False
745.2,CIRCULAR PONTA NEGRA VIA ABEL CABRAL,44,45,P166,PARADA DE FRENTE AO CONDOMINIO ARCO IRIS,CONDOMINIO ARCO IRIS,,False
745.2,CIRCULAR PONTA NEGRA VIA ABEL CABRAL,45,46,P167,PARADA IGREJA EVANGÉLICA CRISTÃ,IGREJA EVANGELICA CRISTA,,False
745.2,CIRCULAR PONTA NEGRA VIA ABEL CABRAL,46,47,P168,PARADA PONTUAL MATERIAL DE CONSTRUÇÃO,PONTUAL MATERIAL DE CONSTRUCAO,,False
745.2,CIRCULAR PONTA NEGRA VIA ABEL CABRAL,47,48,P169,PARADA SHOPPING AYRTON SENNA,SHOPPING AYRTON SENNA,,False
745.2,CIRCULAR PONTA NEGRA VIA ABEL CABRAL,48,49,P170,PARADA KI PÃO SERIDÓ,KI PAO SERIDO,,False
745.2,CIRCULAR PONTA NEGRA VIA ABEL CABRAL,49,50,P171,PARADA CONDOMÍNIO ITAMARATI,CONDOMINIO ITAMARATI,,False
745.2,CIRCULAR PONTA NEGRA VIA ABEL CABRAL,50,51,P172,PARADA ANTES DA ROTATÓRIA CIDADE VERDE,ANTES DA ROTATORIA CIDADE VERDE,,False
745.2,CIRCULAR PONTA NEGRA VIA ABEL CABRAL,51,52,P084,PARADA HAMBURGO STYLE,HAMBURGO STYLE,,False
745.2,CIRCULAR PONTA NEGRA VIA ABEL CABRAL,52,53,P173,PARADA COLÉGIO EXTENSIVO,COLEGIO EXTENSIVO,,False
745.2,CIRCULAR PONTA NEGRA VIA ABEL CABRAL,53,54,P085,PARADA CAMPO CERRADO,CAMPO CERRADO,,False
745.2,CIRCULAR PONTA NEGRA VIA ABEL CABRAL,54,55,P086,PARADA DO TERMINAL,TERMINAL,,False
97,ABEL CABRAL – VIA PRAÇA,1,2,P001,Terminal de Nova Parnamirim,TERMINAL DE NOVA PARNAMIRIM,,False
97,ABEL CABRAL – VIA PRAÇA,2,3,P003,PARADA CONDOMÍNIO ITATIAIA,CONDOMINIO ITATIAIA,,False
97,ABEL CABRAL – VIA PRAÇA,3,4,P174,PARADA CONDOMÍNIO ITATIAIA.,CONDOMINIO ITATIAIA,,False
97,ABEL CABRAL – VIA PRAÇA,4,5,P175,PARADA MARMITARIA DELICIAS QUENTINHAS,MARMITARIA DELICIAS QUENTINHAS,,False
97,ABEL CABRAL – VIA PRAÇA,5,6,P176,PN269,PN269,,False
97,ABEL CABRAL – VIA PRAÇA,6,7,P177,PARADA CONDOMINIO JARDIM DO SUL,CONDOMINIO JARDIM DO SUL,,False
97,ABEL CABRAL – VIA PRAÇA,7,8,P178,PARADA ACQUA ESTÉTICA,ACQUA ESTETICA,,False
97,ABEL CABRAL – VIA PRAÇA,8,9,P179,PARADA REVISTARIA AYRTON SENNA,REVISTARIA AYRTON SENNA,,False
97,ABEL CABRAL – VIA PRAÇA,9,10,P180,PARADA IGREJA ASSEMBLÉIA DE DEUS ABEL,IGREJA ASSEMBLEIA DE DEUS ABEL,,False
97,ABEL CABRAL – VIA PRAÇA,10,11,P181,PARADA MINA BELA COSMETICOS,MINA BELA COSMETICOS,,False
97,ABEL CABRAL – VIA PRAÇA,11,12,P167,PARADA IGREJA EVANGÉLICA CRISTÃ,IGREJA EVANGELICA CRISTA,,False
97,ABEL CABRAL – VIA PRAÇA,12,13,P182,PARADA DA PREFEITURA,PREFEITURA,,False
97,ABEL CABRAL – VIA PRAÇA,13,14,P183,PARADA CONDOMINIO ARCO-IRIS,CONDOMINIO ARCO-IRIS,,False
97,ABEL CABRAL – VIA PRAÇA,14,15,P165,PARADA OVERDOSE,OVERDOSE,,False
97,ABEL CABRAL – VIA PRAÇA,15,16,P184,PARADA CONDOMÍNIO COLINAS DAS PALMEIRAS,CONDOMINIO COLINAS DAS PALMEIRAS,,False
97,ABEL CABRAL – VIA PRAÇA,16,17,P185,PARADA EM FRENTE A CDA,CDA,,False
97,ABEL CABRAL – VIA PRAÇA,17,18,P186,PROSSEGUIR AUTO ESCOLA,PROSSEGUIR AUTO ESCOLA,,False
97,ABEL CABRAL – VIA PRAÇA,18,19,P161,PARADA GRUPO CONRADO,GRUPO CONRADO,,False
97,ABEL CABRAL – VIA PRAÇA,19,20,P187,PARADA DE FRENTE AO ESPAÇO REDUZIDO,ESPACO REDUZIDO,,False
97,ABEL CABRAL – VIA PRAÇA,20,21,P020,PARADA KERO KERO,KERO KERO,,False
97,ABEL CABRAL – VIA PRAÇA,21,22,P021,PARADA AÇAI IDA,ACAI,ida,False
97,ABEL CABRAL – VIA PRAÇA,22,23,P022,PARADA ATACADÃO IDA,ATACADAO,ida,False
97,ABEL CABRAL – VIA PRAÇA,23,24,P023,PARADA MOTEL VISION,MOTEL VISION,,False
97,ABEL CABRAL – VIA PRAÇA,24,25,P024,PARADA EM FRENTE A SAMS CLUB,SAMS CLUB,,False
97,ABEL CABRAL – VIA PRAÇA,25,26,P025,PARADA PASSARELA DE NEOPOLIS,PASSARELA DE NEOPOLIS,,False
97,ABEL CABRAL – VIA PRAÇA,26,27,P026,PARADA DA HYUNDAI,HYUNDAI,,False
97,ABEL CABRAL – VIA PRAÇA,27,28,P027,PARADA PG PRIME,PG PRIME,,False
97,ABEL CABRAL – VIA PRAÇA,28,29,P028,PARADA ESTAÇÃO VIA DIRETA,ESTACAO VIA DIRETA,,False
97,ABEL CABRAL – VIA PRAÇA,29,30,P029,PARADA PASSARELA DE POTILANDIA,PASSARELA DE POTILANDIA,,False
97,ABEL CABRAL – VIA PRAÇA,30,31,P030,PARADA DA UNIVERSAL,UNIVERSAL,,False
97,ABEL CABRAL – VIA PRAÇA,31,32,P031,PARADA PIZZARIA DONA MARIA,PIZZARIA DONA MARIA,,False
97,ABEL CABRAL – VIA PRAÇA,32,33,P032,PARADA NORDESTÃO.,NORDESTAO,,False
97,ABEL CABRAL – VIA PRAÇA,33,34,P090,PARADA IFRN,IFRN,,False
97,ABEL CABRAL – VIA PRAÇA,34,35,P091,PARADA VILLA PARK,VILLA PARK,,False
97,ABEL CABRAL – VIA PRAÇA,35,36,P092,PARADA DO BATALHÃO 16,BATALHAO 16,,False
97,ABEL CABRAL – VIA PRAÇA,36,37,P093,PARADA IDEA DE MOVEIS,IDEA DE MOVEIS,,False
97,ABEL CABRAL – VIA PRAÇA,37,38,P094,PARADA UNIVERSIDADE DA PICANHA,UNIVERSIDADE DA PICANHA,,False
97,ABEL CABRAL – VIA PRAÇA,38,39,P095,PARADA BIENOVA,BIENOVA,,False
97,ABEL CABRAL – VIA PRAÇA,39,40,P096,CAMPO JUVENAL LAMARTINE,CAMPO JUVENAL LAMARTINE,,False
97,ABEL CABRAL – VIA PRAÇA,40,41,P097,PARADA PRÉDIO VELHO,PREDIO VELHO,,False
97,ABEL CABRAL – VIA PRAÇA,41,42,P098,PARADA MERCADO PETROPOLIS,MERCADO PETROPOLIS,,False
97,ABEL CABRAL – VIA PRAÇA,42,43,P099,PARADA HARMONY MEDICAL CENTER,HARMONY MEDICAL CENTER,,False
97,ABEL CABRAL – VIA PRAÇA,43,44,P100,PARADA PRAÇA CIVICA,PRACA CIVICA,,False
97,ABEL CABRAL – VIA PRAÇA,44,45,P101,HOSPITAL VARELA SANTIAGO,HOSPITAL VARELA SANTIAGO,,False
97,ABEL CABRAL – VIA PRAÇA,45,46,P102,PARADA BANCO ITAU CIDADE,BANCO ITAU CIDADE,,False
97,ABEL CABRAL – VIA PRAÇA,46,47,P103,PARADA ARQUIVO TRIBUNAL DE JUSTIÇA,ARQUIVO TRIBUNAL DE JUSTICA,,False
97,ABEL CABRAL – VIA PRAÇA,47,48,P046,PARADA DA CïA,CIA,,False
97,ABEL CABRAL – VIA PRAÇA,48,49,P047,PARADA AMERICANAS,AMERICANAS,,False
97,ABEL CABRAL – VIA PRAÇA,49,50,P048,Ribeira,RIBEIRA,,False
97,ABEL CABRAL – VIA PRAÇA,50,51,P104,PRAÇA PRAÇA JOÃO TIBURCIO,PRACA PRACA JOAO TIBURCIO,,False
97,ABEL CABRAL – VIA PRAÇA,51,52,P105,PARADA DO BALDO VOLTA,BALDO,volta,False
97,ABEL CABRAL – VIA PRAÇA,52,53,P106,PARADA CEMITÉRIO DO ALECRIM,CEMITERIO DO ALECRIM,,False
97,ABEL CABRAL – VIA PRAÇA,53,54,P107,PARADA INSINUANTE ALECRIM,INSINUANTE ALECRIM,,False
97,ABEL CABRAL – VIA PRAÇA,54,55,P108,PARADA DEPOIS DO BRADESCO ALECRIM,DEPOIS DO BRADESCO ALECRIM,,False
97,ABEL CABRAL – VIA PRAÇA,55,56,P109,PARADA DA LAMPADINHA ALECRIM,LAMPADINHA ALECRIM,,False
97,ABEL CABRAL – VIA PRAÇA,56,57,P110,PARADA MARTELINHO DE OURO,MARTELINHO DE OURO,,False
97,ABEL CABRAL – VIA PRAÇA,57,58,P111,PARADA AROLDO AUTO PEÇAS,AROLDO AUTO PECAS,,False
97,ABEL CABRAL – VIA PRAÇA,58,59,P112,PARADA POSTO BR PRÓXIMO AO MID,POSTO BR PROXIMO AO MID,,False
97,ABEL CABRAL – VIA PRAÇA,59,60,P036,PARADA EM FRENTE AO MID,MID,,False
97,ABEL CABRAL – VIA PRAÇA,60,61,P062,PARADA CONDOMÍNIO PAIS DE GALE,CONDOMINIO PAIS DE GALE,,False
97,ABEL CABRAL – VIA PRAÇA,61,62,P063,PARADA PORTUGAL CENTER,PORTUGAL CENTER,,False
97,ABEL CABRAL – VIA PRAÇA,62,63,P064,PARADA DOM GURMET,DOM GURMET,,False
97,ABEL CABRAL – VIA PRAÇA,63,64,P065,PARADA POSTO ALVARO 105 GOVERNADORIA,POSTO ALVARO 105 GOVERNADORIA,,False
97,ABEL CABRAL – VIA PRAÇA,64,65,P067,PARADA ESTAÇÃO CARREFOUR,ESTACAO CARREFOUR,,False
97,ABEL CABRAL – VIA PRAÇA,65,66,P068,PARADA ANTIGA SALINAS,ANTIGA SALINAS,,False
97,ABEL CABRAL – VIA PRAÇA,66,67,P069,PARADA POSTO BR NOVO HORIZONTE,POSTO BR NOVO HORIZONTE,,False
97,ABEL CABRAL – VIA PRAÇA,67,68,P070,PARADA PASSARELA NÉOPOLIS SENTIDO PARANAMIRIM,PASSARELA NEOPOLIS SENTIDO PARANAMIRIM,,False
97,ABEL CABRAL – VIA PRAÇA,68,69,P071,PARADA DA SAMS CLUB SENTIDO PARNAMIRIM,SAMS CLUB SENTIDO PARNAMIRIM,,False
97,ABEL CABRAL – VIA PRAÇA,69,70,P072,PARADA CAR BOX,CAR BOX,,False
97,ABEL CABRAL – VIA PRAÇA,70,71,P073,PARADA ATACADÃO,ATACADAO,,False
97,ABEL CABRAL – VIA PRAÇA,71,72,P160,PARADA ESPAÇO REDUZIDO,ESPACO REDUZIDO,,False
97,ABEL CABRAL – VIA PRAÇA,72,73,P188,PARADA BOTECO RESTAURANTE E PIZZARIA,BOTECO RESTAURANTE E PIZZARIA,,False
97,ABEL CABRAL – VIA PRAÇA,73,74,P162,PARADA MANARÁ,MANARA,,False
97,ABEL CABRAL – VIA PRAÇA,74,75,P163,PARADA CDA DISTRIBUIDORA,CDA DISTRIBUIDORA,,False
97,ABEL CABRAL – VIA PRAÇA,75,76,P164,PARADA DA MC DONALDS,MC DONALDS,,False
97,ABEL CABRAL – VIA PRAÇA,76,77,P189,PARADA OVERDOSE VOLTA,OVERDOSE,volta,False
97,ABEL CABRAL – VIA PRAÇA,77,78,P190,PN322,PN322,,False
97,ABEL CABRAL – VIA PRAÇA,78,79,P191,PARADA EM FRENTE A PREFEITURA,PREFEITURA,,False
97,ABEL CABRAL – VIA PRAÇA,79,80,P192,PARADA TROPICAL LANCHES,TROPICAL LANCHES,,False
97,ABEL CABRAL – VIA PRAÇA,80,81,P193,PARADA IGREJA ASSEMBLÉIA DE DEUS ABEL VOLTA,IGREJA ASSEMBLEIA DE DEUS ABEL,volta,False
97,ABEL CABRAL – VIA PRAÇA,81,82,P194,PARADA ATRÁS DO CONDOMÍNIO BERTIOGA,ATRAS DO CONDOMINIO BERTIOGA,,False
97,ABEL CABRAL – VIA PRAÇA,82,83,P195,PARADA VIA DORO,VIA DORO,,False
97,ABEL CABRAL – VIA PRAÇA,83,84,P196,PARADA RESIDENCIAL GOLDEN VALLEY,RESIDENCIAL GOLDEN VALLEY,,False
97,ABEL CABRAL – VIA PRAÇA,84,85,P197,PARADA EM FRENTE AO VAREJÃO VITÓRIA,VAREJAO VITORIA,,False
98,ABEL CABRAL – VIA ALECRIM,1,2,P001,Terminal de Nova Parnamirim,TERMINAL DE NOVA PARNAMIRIM,,False
98,ABEL CABRAL – VIA ALECRIM,2,3,P003,PARADA CONDOMÍNIO ITATIAIA,CONDOMINIO ITATIAIA,,False
98,ABEL CABRAL – VIA ALECRIM,3,4,P174,PARADA CONDOMÍNIO ITATIAIA.,CONDOMINIO ITATIAIA,,False
98,ABEL CABRAL – VIA ALECRIM,4,5,P198,PARADA MERCADINHO ALGAROBA,MERCADINHO ALGAROBA,,False
98,ABEL CABRAL – VIA ALECRIM,5,6,P199,PARADA GERBERA RECEPÇÕES,GERBERA RECEPCOES,,False
98,ABEL CABRAL – VIA ALECRIM,6,7,P175,PARADA MARMITARIA DELICIAS QUENTINHAS,MARMITARIA DELICIAS QUENTINHAS,,False
98,ABEL CABRAL – VIA ALECRIM,7,8,P176,PN269,PN269,,False
98,ABEL CABRAL – VIA ALECRIM,8,9,P200,PARADA CONDOMINIO GOLDEN VALLEY,CONDOMINIO GOLDEN VALLEY,,False
98,ABEL CABRAL – VIA ALECRIM,9,10,P178,PARADA ACQUA ESTÉTICA,ACQUA ESTETICA,,False
98,ABEL CABRAL – VIA ALECRIM,10,11,P179,PARADA REVISTARIA AYRTON SENNA,REVISTARIA AYRTON SENNA,,False
98,ABEL CABRAL – VIA ALECRIM,11,12,P180,PARADA IGREJA ASSEMBLÉIA DE DEUS ABEL,IGREJA ASSEMBLEIA DE DEUS ABEL,,False
98,ABEL CABRAL – VIA ALECRIM,12,13,P181,PARADA MINA BELA COSMETICOS,MINA BELA COSMETICOS,,False
98,ABEL CABRAL – VIA ALECRIM,13,14,P167,PARADA IGREJA EVANGÉLICA CRISTÃ,IGREJA EVANGELICA CRISTA,,False
98,ABEL CABRAL – VIA ALECRIM,14,15,P182,PARADA DA PREFEITURA,PREFEITURA,,False
98,ABEL CABRAL – VIA ALECRIM,15,16,P183,PARADA CONDOMINIO ARCO-IRIS,CONDOMINIO ARCO-IRIS,,False
98,ABEL CABRAL – VIA ALECRIM,16,17,P165,PARADA OVERDOSE,OVERDOSE,,False
98,ABEL CABRAL – VIA ALECRIM,17,18,P184,PARADA CONDOMÍNIO COLINAS DAS PALMEIRAS,CONDOMINIO COLINAS DAS PALMEIRAS,,False
98,ABEL CABRAL – VIA ALECRIM,18,19,P185,PARADA EM FRENTE A CDA,CDA,,False
98,ABEL CABRAL – VIA ALECRIM,19,20,P186,PROSSEGUIR AUTO ESCOLA,PROSSEGUIR AUTO ESCOLA,,False
98,ABEL CABRAL – VIA ALECRIM,20,21,P187,PARADA DE FRENTE AO ESPAÇO REDUZIDO,ESPACO REDUZIDO,,False
98,ABEL CABRAL – VIA ALECRIM,21,22,P020,PARADA KERO KERO,KERO KERO,,False
98,ABEL CABRAL – VIA ALECRIM,22,23,P021,PARADA AÇAI IDA,ACAI,ida,False
98,ABEL CABRAL – VIA ALECRIM,23,24,P022,PARADA ATACADÃO IDA,ATACADAO,ida,False
98,ABEL CABRAL – VIA ALECRIM,24,25,P023,PARADA MOTEL VISION,MOTEL VISION,,False
98,ABEL CABRAL – VIA ALECRIM,25,26,P024,PARADA EM FRENTE A SAMS CLUB,SAMS CLUB,,False
98,ABEL CABRAL – VIA ALECRIM,26,27,P025,PARADA PASSARELA DE NEOPOLIS,PASSARELA DE NEOPOLIS,,False
98,ABEL CABRAL – VIA ALECRIM,27,28,P026,PARADA DA HYUNDAI,HYUNDAI,,False
98,ABEL CABRAL – VIA ALECRIM,28,29,P027,PARADA PG PRIME,PG PRIME,,False
98,ABEL CABRAL – VIA ALECRIM,29,30,P028,PARADA ESTAÇÃO VIA DIRETA,ESTACAO VIA DIRETA,,False
98,ABEL CABRAL – VIA ALECRIM,30,31,P029,PARADA PASSARELA DE POTILANDIA,PASSARELA DE POTILANDIA,,False
98,ABEL CABRAL – VIA ALECRIM,31,32,P030,PARADA DA UNIVERSAL,UNIVERSAL,,False
98,ABEL CABRAL – VIA ALECRIM,32,33,P031,PARADA PIZZARIA DONA MARIA,PIZZARIA DONA MARIA,,False
98,ABEL CABRAL – VIA ALECRIM,33,34,P032,PARADA NORDESTÃO.,NORDESTAO,,False
98,ABEL CABRAL – VIA ALECRIM,34,35,P033,PARADA CONDOMÍNIO MORRO BRANCO,CONDOMINIO MORRO BRANCO,,False
98,ABEL CABRAL – VIA ALECRIM,35,36,P034,PARADA MERCEARIA SR. ROCHA,MERCEARIA SR. ROCHA,,False
98,ABEL CABRAL – VIA ALECRIM,36,37,P035,PARADA LATERAL DO IFRN,LATERAL DO IFRN,,False
98,ABEL CABRAL – VIA ALECRIM,37,38,P036,PARADA DO MID,MID,,False
98,ABEL CABRAL – VIA ALECRIM,38,39,P037,PARADA IGREJA PENTECOSTAL DE JERUSALEM,IGREJA PENTECOSTAL DE JERUSALEM,,False
98,ABEL CABRAL – VIA ALECRIM,39,40,P038,PARADA STYLUS DECORAÇÕES,STYLUS DECORACOES,,False
98,ABEL CABRAL – VIA ALECRIM,40,41,P039,PP2,PP2,,False
98,ABEL CABRAL – VIA ALECRIM,41,42,P040,PARADA MINISTÉRIO DO TRABALHO,MINISTERIO DO TRABALHO,,False
98,ABEL CABRAL – VIA ALECRIM,42,43,P041,PARADA NICOLE MODAS,NICOLE MODAS,,False
98,ABEL CABRAL – VIA ALECRIM,43,44,P042,PARADA DE FRENTE AO BRADESCO ALECRIM,BRADESCO ALECRIM,,False
98,ABEL CABRAL – VIA ALECRIM,44,45,P043,PARADA RESTAURANTE COMA BEM,RESTAURANTE COMA BEM,,False
98,ABEL CABRAL – VIA ALECRIM,45,46,P044,PARADA IGREJA CRISTÃ DAS NAÇÕES,IGREJA CRISTA DAS NACOES,,False
98,ABEL CABRAL – VIA ALECRIM,46,47,P045,PARADA DO BAUDO,BAUDO,,False
98,ABEL CABRAL – VIA ALECRIM,47,48,P046,PARADA DA CïA,CIA,,False
98,ABEL CABRAL – VIA ALECRIM,48,49,P047,PARADA AMERICANAS,AMERICANAS,,False
98,ABEL CABRAL – VIA ALECRIM,49,50,P048,Ribeira,RIBEIRA,,False
98,ABEL CABRAL – VIA ALECRIM,50,51,P049,PARADA PRAÇA 7 DE SETEMBRO,PRACA 7 DE SETEMBRO,,False
98,ABEL CABRAL – VIA ALECRIM,51,52,P050,PARADA ANTES DA JANNA BABYS,ANTES DA JANNA BABYS,,False
98,ABEL CABRAL – VIA ALECRIM,52,53,P051,PARADA DA PRAÇA CÍVICA NILIO PEÇANHA,PRACA CIVICA NILIO PECANHA,,False
98,ABEL CABRAL – VIA ALECRIM,53,54,P052,PARADA CLINICA DE SANTA BEATRIZ,CLINICA DE SANTA BEATRIZ,,False
98,ABEL CABRAL – VIA ALECRIM,54,55,P053,PARADA PRAÇA DAS FLORES,PRACA DAS FLORES,,False
98,ABEL CABRAL – VIA ALECRIM,55,56,P054,PARADA FARMAFORMULA,FARMAFORMULA,,False
98,ABEL CABRAL – VIA ALECRIM,56,57,P055,PARADA DE FRENTE AO JUVENAL LAMARTINE,JUVENAL LAMARTINE,,False
98,ABEL CABRAL – VIA ALECRIM,57,58,P056,PARADA FARMÁCIA PAGUE MENOS,FARMACIA PAGUE MENOS,,False
98,ABEL CABRAL – VIA ALECRIM,58,59,P057,PARADA ESPAÇO REDUZIDO,ESPACO REDUZIDO,,False
98,ABEL CABRAL – VIA ALECRIM,59,60,P058,PARADA MARCATO,MARCATO,,False
98,ABEL CABRAL – VIA ALECRIM,60,61,P059,PARADA FINAL DO AEROCLUBE,FINAL DO AEROCLUBE,,False
98,ABEL CABRAL – VIA ALECRIM,61,62,P060,PARADA DO ANTIGO COLÉGIO BEREIANO,ANTIGO COLEGIO BEREIANO,,False
98,ABEL CABRAL – VIA ALECRIM,62,63,P061,PARADA FRENTE AO MID,FRENTE AO MID,,False
98,ABEL CABRAL – VIA ALECRIM,63,64,P062,PARADA CONDOMÍNIO PAIS DE GALE,CONDOMINIO PAIS DE GALE,,False
98,ABEL CABRAL – VIA ALECRIM,64,65,P063,PARADA PORTUGAL CENTER,PORTUGAL CENTER,,False
98,ABEL CABRAL – VIA ALECRIM,65,66,P064,PARADA DOM GURMET,DOM GURMET,,False
98,ABEL CABRAL – VIA ALECRIM,66,67,P065,PARADA POSTO ALVARO 105 GOVERNADORIA,POSTO ALVARO 105 GOVERNADORIA,,False
98,ABEL CABRAL – VIA ALECRIM,67,68,P066,PARADA BANCO BRADESCO E ITAUBR,BANCO BRADESCO E ITAUBR,,False
98,ABEL CABRAL – VIA ALECRIM,68,69,P067,PARADA ESTAÇÃO CARREFOUR,ESTACAO CARREFOUR,,False
98,ABEL CABRAL – VIA ALECRIM,69,70,P068,PARADA ANTIGA SALINAS,ANTIGA SALINAS,,False
98,ABEL CABRAL – VIA ALECRIM,70,71,P069,PARADA POSTO BR NOVO HORIZONTE,POSTO BR NOVO HORIZONTE,,False
98,ABEL CABRAL – VIA ALECRIM,71,72,P070,PARADA PASSARELA NÉOPOLIS SENTIDO PARANAMIRIM,PASSARELA NEOPOLIS SENTIDO PARANAMIRIM,,False
98,ABEL CABRAL – VIA ALECRIM,72,73,P071,PARADA DA SAMS CLUB SENTIDO PARNAMIRIM,SAMS CLUB SENTIDO PARNAMIRIM,,False
98,ABEL CABRAL – VIA ALECRIM,73,74,P072,PARADA CAR BOX,CAR BOX,,False
98,ABEL CABRAL – VIA ALECRIM,74,75,P073,PARADA ATACADÃO,ATACADAO,,False
98,ABEL CABRAL – VIA ALECRIM,75,76,P087,PARDA EM FRENTE A KERO KERO,KERO KERO,,False
98,ABEL CABRAL – VIA ALECRIM,76,77,P074,PARADA DA DIVEP.,DIVEP,,False
98,ABEL CABRAL – VIA ALECRIM,77,78,P160,PARADA ESPAÇO REDUZIDO,ESPACO REDUZIDO,,False
98,ABEL CABRAL – VIA ALECRIM,78,79,P188,PARADA BOTECO RESTAURANTE E PIZZARIA,BOTECO RESTAURANTE E PIZZARIA,,False
98,ABEL CABRAL – VIA ALECRIM,79,80,P162,PARADA MANARÁ,MANARA,,False
98,ABEL CABRAL – VIA ALECRIM,80,81,P163,PARADA CDA DISTRIBUIDORA,CDA DISTRIBUIDORA,,False
98,ABEL CABRAL – VIA ALECRIM,81,82,P164,PARADA DA MC DONALDS,MC DONALDS,,False
98,ABEL CABRAL – VIA ALECRIM,82,83,P189,PARADA OVERDOSE VOLTA,OVERDOSE,volta,False
98,ABEL CABRAL – VIA ALECRIM,83,84,P166,PARADA DE FRENTE AO CONDOMINIO ARCO IRIS,CONDOMINIO ARCO IRIS,,False
98,ABEL CABRAL – VIA ALECRIM,84,85,P191,PARADA EM FRENTE A PREFEITURA,PREFEITURA,,False
98,ABEL CABRAL – VIA ALECRIM,85,86,P192,PARADA TROPICAL LANCHES,TROPICAL LANCHES,,False
98,ABEL CABRAL – VIA ALECRIM,86,87,P193,PARADA IGREJA ASSEMBLÉIA DE DEUS ABEL VOLTA,IGREJA ASSEMBLEIA DE DEUS ABEL,volta,False
98,ABEL CABRAL – VIA ALECRIM,87,88,P201,PN312,PN312,,False
98,ABEL CABRAL – VIA ALECRIM,88,89,P202,PN313,PN313,,False
98,ABEL CABRAL – VIA ALECRIM,89,90,P197,PARADA EM FRENTE AO VAREJÃO VITÓRIA,VAREJAO VITORIA,,False
98,ABEL CABRAL – VIA ALECRIM,90,91,P161,PARADA GRUPO CONRADO,GRUPO CONRADO,,False
