parada_id,nome,endereco,via,bairro,n_linhas,linhas,sentido
P001,TERMINAL DE NOVA PARNAMIRIM,"Rua Cupuaçu, 179-305 - Nova Parnamirim, Natal - RN, 59152-125, República Federativa do Brasil",Rua Cupuaçu,Nova Parnamirim,5,"738,740,745.1,97,98",
P002,TERMINAL,"Av. Gastão Mariz de Faria, 817-1041 - Parque dos Eucaliptos, Parnamirim - RN, 59152-110, Brasil",Av. Gastão Mariz de Faria,Parque dos Eucaliptos,2,"738,740",ida
P003,CONDOMINIO ITATIAIA,"Avenida Gastão Mariz de Faria, 714-848 - Parque dos Eucaliptos, Parnamirim - RN, 59152-110, República Federativa do Brasil",Avenida Gastão Mariz de Faria,Parque dos Eucaliptos,5,"738,740,745.1,97,98",
P004,BANCA PRATICA,"Avenida Gastão Mariz de Faria, 329-447 - Nova Parnamirim, RN, 59152-110, Brasil",Avenida Gastão Mariz de Faria,Nova Parnamirim,3,"738,740,745.1",
P005,IGREJA CRISTO NO BRASIL,"Nova Parnamirim, Parnamirim - RN, 59152-015, Brasil",Nova Parnamirim,Nova Parnamirim,3,"738,740,745.1",
P006,CEPE,"Av Ayrton Senna, 5628, Rio Grande Do Norte, Neopolis (Parnamirim)",Av Ayrton Senna,Neopolis,2,"738,745.1",
P007,LATERAL DO CEPE,"Avenida Maria Lacerda Montenegro, 3285-3399 - Nova Parnamirim, Parnamirim - RN, República Federativa do Brasil",Avenida Maria Lacerda Montenegro,Nova Parnamirim,3,"738,740,745.1",
P008,JOANINHA BABY,"Avenida Maria Lacerda Montenegro, 2827 - Nova Parnamirim, Parnamirim - RN, Brasil",Avenida Maria Lacerda Montenegro,Nova Parnamirim,3,"738,740,745.1",
P009,PITTS BURG,"Avenida Maria Lacerda Montenegro, 2487-2535 - Nova Parnamirim, Parnamirim - RN, República Federativa do Brasil",Avenida Maria Lacerda Montenegro,Nova Parnamirim,3,"738,740,745.1",
P010,BONSAI SUSHI,"Avenida Maria Lacerda Montenegro, 2267-2317 - Nova Parnamirim, Parnamirim - RN, 59150-683, Brasil",Avenida Maria Lacerda Montenegro,Nova Parnamirim,3,"738,740,745.1",
P011,MERCADINHO LJ,"Av. Maria Lacerda Montenegro, 1434-1502 - Parque dos Eucaliptos, Parnamirim - RN, 59152-600, Brasil",Av. Maria Lacerda Montenegro,Parque dos Eucaliptos,3,"738,740,745.1",
P012,RESTAURANTE BOM DE BOCA,"Av. Maria Lacerda Montenegro, 1860-1914 - Parque dos Eucaliptos, Parnamirim - RN, 59152-600, Brasil",Av. Maria Lacerda Montenegro,Parque dos Eucaliptos,3,"738,740,745.1",
P013,NORDESTAO,"Av Maria Lacerda Montenegro, 2092, Rio Grande Do Norte, Nova Parnamirim (Parnamirim)",Av Maria Lacerda Montenegro,Nova Parnamirim,3,"738,740,745.1",
P014,RESTAURANTE CASA GRANDE,"Av. Maria Lacerda Montenegro, 2356-2408 - Parque do Pitimbu, Parnamirim - RN, 59152-600, Brasil",Av. Maria Lacerda Montenegro,Parque do Pitimbu,3,"738,740,745.1",
P015,GRAMADO HALL MRV,"R. Gregório de Matos, 2 - Parque do Pitimbu, Parnamirim - RN, 59150-330, Brasil",R. Gregório de Matos,Parque do Pitimbu,3,"738,740,745.1",
P016,SHOPPING REIS MAGOS,"Avenida Maria Lacerda Montenegro, 445-491 - Nova Parnamirim, Parnamirim - RN, 59150-683, Brasil",Avenida Maria Lacerda Montenegro,Nova Parnamirim,3,"738,740,745.1",
P017,CAIXA ECONOMICA,"Avenida Maria Lacerda Montenegro, 387 - Nova Parnamirim, Parnamirim - RN, 59150-683, Brasil",Avenida Maria Lacerda Montenegro,Nova Parnamirim,3,"738,740,745.1",ida
P018,MARCO ZERO,"Avenida Maria Lacerda Montenegro, 12-68 - Nova Parnamirim, Parnamirim - RN, 59150-683, Brasil",Avenida Maria Lacerda Montenegro,Nova Parnamirim,2,"738,740",
P019,ESPACO SALUTTE,"Rua Maria Dolores Costa, 13-15 - Nova Parnamirim, Parnamirim - RN, Brasil",Rua Maria Dolores Costa,Nova Parnamirim,3,"738,740,745.1",
P020,KERO KERO,"Rodovia Governador Mário Covas, 8113 - Nova Parnamirim, Natal - RN, Brasil",Rodovia Governador Mário Covas,Nova Parnamirim,5,"738,740,745.1,97,98",
P021,ACAI,"Av. Sen. Salgado Filho - Pitimbu, Natal - RN, 59078-000, Brasil",Av. Sen. Salgado Filho,Pitimbu,5,"738,740,745.1,97,98",ida
P022,ATACADAO,"Av. Sen. Salgado Filho - Pitimbu, Natal - RN, 59078-000, Brasil",Av. Sen. Salgado Filho,Pitimbu,5,"738,740,745.1,97,98",ida
P023,MOTEL VISION,"Av. Sen. Salgado Filho - Candelária, Natal - RN, 59078-000, Brasil",Av. Sen. Salgado Filho,Candelária,5,"738,740,745.1,97,98",
P024,SAMS CLUB,"Av. Sen. Salgado Filho - Pista Lateral, 4319-4437 - Neópolis, Natal - RN, Brasil",Av. Sen. Salgado Filho,Neópolis,5,"738,740,745.1,97,98",
P025,PASSARELA DE NEOPOLIS,"Avenida Senador Salgado Filho, S/N - Neópolis, Natal - RN, Brasil",Avenida Senador Salgado Filho,Neópolis,5,"738,740,745.1,97,98",
P026,HYUNDAI,"Rodovia Governador Mário Covas - Candelária, Natal - RN, 59064-741, Brasil",Rodovia Governador Mário Covas,Candelária,5,"738,740,745.1,97,98",
P027,PG PRIME,"SEM NOME, Rio Grande Do Norte, Capim Macio (Natal)",SEM NOME,Capim Macio,5,"738,740,745.1,97,98",
P028,ESTACAO VIA DIRETA,"Natal Shopping - Avenida Senador Salgado Filho, 2234 - Lagoa Nova, Natal - RN, Brasil",Avenida Senador Salgado Filho,Lagoa Nova,6,"738,740,745.1,745.2,97,98",
P029,PASSARELA DE POTILANDIA,"Avenida Senador Salgado Filho - Pista Lateral, 2507-2647 - Lagoa Nova, Natal - RN, República Federativa do Brasil",Avenida Senador Salgado Filho,Lagoa Nova,4,"738,740,97,98",
P030,UNIVERSAL,"Avenida Senador Salgado Filho, 1961-2023 - Lagoa Nova, Natal - RN, República Federativa do Brasil",Avenida Senador Salgado Filho,Lagoa Nova,4,"738,740,97,98",
P031,PIZZARIA DONA MARIA,"Avenida Senador Salgado Filho, 1511-1613 - Lagoa Nova, Natal - RN, 59056-000, República Federativa do Brasil",Avenida Senador Salgado Filho,Lagoa Nova,4,"738,740,97,98",
P032,NORDESTAO,"Avenida Senador Salgado Filho, 959-1075 - Lagoa Nova, Natal - RN, 59056-000, República Federativa do Brasil",Avenida Senador Salgado Filho,Lagoa Nova,4,"738,740,97,98",
P033,CONDOMINIO MORRO BRANCO,"Avenida Antônio Basílio, 3854-3930 - Lagoa Nova, Natal - RN, 59056-500, República Federativa do Brasil",Avenida Antônio Basílio,Lagoa Nova,2,"738,98",
P034,MERCEARIA SR. ROCHA,"Rua Desembargador Antônio Cerejo, 1092 - Nova Descoberta, Natal - RN, 59056-360, República Federativa do Brasil",Rua Desembargador Antônio Cerejo,Nova Descoberta,2,"738,98",
P035,LATERAL DO IFRN,"Avenida Bernardo Vieira, 4167-4309 - Lagoa Nova, Natal - RN, 59051-000, República Federativa do Brasil",Avenida Bernardo Vieira,Lagoa Nova,2,"738,98",
P036,MID,"Avenida Bernardo Vieira, 3591-3999 - Lagoa Nova, Natal - RN, 59051-000, República Federativa do Brasil",Avenida Bernardo Vieira,Lagoa Nova,4,"738,740,97,98",
P037,IGREJA PENTECOSTAL DE JERUSALEM,"Avenida Presidente Bandeira, 2263-2337 - Lagoa Seca, Natal - RN, 59031-200, República Federativa do Brasil",Avenida Presidente Bandeira,Lagoa Seca,2,"738,98",
P038,STYLUS DECORACOES,"Avenida Presidente Bandeira, 1153-1299 - Lagoa Seca, Natal - RN, 59031-200, República Federativa do Brasil",Avenida Presidente Bandeira,Lagoa Seca,2,"738,98",
P039,PP2,"Avenida Presidente Bandeira, 907-931 - Alecrim, Natal - RN, 59031-200, República Federativa do Brasil",Avenida Presidente Bandeira,Alecrim,2,"738,98",
P040,MINISTERIO DO TRABALHO,"Avenida Presidente Bandeira, 815-905 - Alecrim, Natal - RN, 59031-200, República Federativa do Brasil",Avenida Presidente Bandeira,Alecrim,2,"738,98",
P041,NICOLE MODAS,"Avenida Presidente Bandeira, 605-669 - Alecrim, Natal - RN, 59031-200, República Federativa do Brasil",Avenida Presidente Bandeira,Alecrim,2,"738,98",
P042,BRADESCO ALECRIM,"Avenida Presidente Bandeira, 473-509 - Alecrim, Natal - RN, 59040-200, República Federativa do Brasil",Avenida Presidente Bandeira,Alecrim,2,"738,98",
P043,RESTAURANTE COMA BEM,"Avenida Coronel Estevam, 1-1283 - Alecrim, Natal - RN, 59030-000, República Federativa do Brasil",Avenida Coronel Estevam,Alecrim,2,"738,98",
P044,IGREJA CRISTA DAS NACOES,"Rua Professor Luiz Soares, 3601-4381 - Alecrim, Natal - RN, 59037-510, República Federativa do Brasil",Rua Professor Luiz Soares,Alecrim,2,"738,98",
P045,BAUDO,"Avenida Bernardo Viêira, 3491 - Quintas, Natal - RN, 59054-590, Brasil",Avenida Bernardo Viêira,Quintas,2,"738,98",
P046,CIA,"Avenida Rio Branco, 622-688 - Cidade Alta, Natal - RN, 59025-002, República Federativa do Brasil",Avenida Rio Branco,Cidade Alta,4,"738,740,97,98",
P047,AMERICANAS,"Avenida Rio Branco, 377-441 - Cidade Alta, Natal - RN, 59025-001, República Federativa do Brasil",Avenida Rio Branco,Cidade Alta,4,"738,740,97,98",
P048,RIBEIRA,"Velha - Praça Augusto Severo, Ribeira, Natal - RN, República Federativa do Brasil",Velha,Ribeira,4,"738,740,97,98",
P049,PRACA 7 DE SETEMBRO,"Rua Ulisses Caldas, 38-60 - Cidade Alta, Natal - RN, 59025-090, República Federativa do Brasil",Rua Ulisses Caldas,Cidade Alta,2,"738,98",
P050,ANTES DA JANNA BABYS,"Rua Mossoró, 354-356 - Tirol, Natal - RN, 59020-090, República Federativa do Brasil",Rua Mossoró,Tirol,2,"738,98",
P051,PRACA CIVICA NILIO PECANHA,"Avenida Prudente de Morais, 143-257 - Petrópolis, Natal - RN, 59020-395, República Federativa do Brasil",Avenida Prudente de Morais,Petrópolis,2,"738,98",
P052,CLINICA DE SANTA BEATRIZ,"Rua Coronel Joaquim Manoel, 580-612 - Petrópolis, Natal - RN, 59012-330, República Federativa do Brasil",Rua Coronel Joaquim Manoel,Petrópolis,2,"738,98",
P053,PRACA DAS FLORES,"Rua Coronel Joaquim Manoel, 672-820 - Petrópolis, Natal - RN, 59012-330, República Federativa do Brasil",Rua Coronel Joaquim Manoel,Petrópolis,2,"738,98",
P054,FARMAFORMULA,"Avenida Hermes da Fonseca, 2347-2455 - Petrópolis, Natal - RN, 59014-495, República Federativa do Brasil",Avenida Hermes da Fonseca,Petrópolis,2,"738,98",
P055,JUVENAL LAMARTINE,"Avenida Hermes da Fonseca, 2173-2247 - Tirol, Natal - RN, 59014-495, República Federativa do Brasil",Avenida Hermes da Fonseca,Tirol,2,"738,98",
P056,FARMACIA PAGUE MENOS,"Avenida Hermes da Fonseca, 1677-1865 - Tirol, Natal - RN, 59020-000, República Federativa do Brasil",Avenida Hermes da Fonseca,Tirol,2,"738,98",
P057,ESPACO REDUZIDO,"Avenida Hermes da Fonseca, 1219-1289 - Tirol, Natal - RN, 59020-145, República Federativa do Brasil",Avenida Hermes da Fonseca,Tirol,2,"738,98",
P058,MARCATO,"Avenida Hermes da Fonseca, 781-1021 - Tirol, Natal - RN, 59020-315, República Federativa do Brasil",Avenida Hermes da Fonseca,Tirol,2,"738,98",
P059,FINAL DO AEROCLUBE,"Avenida Hermes da Fonseca, 515-597 - Tirol, Natal - RN, 59020-650, República Federativa do Brasil",Avenida Hermes da Fonseca,Tirol,2,"738,98",
P060,ANTIGO COLEGIO BEREIANO,"Avenida Hermes da Fonseca, 2-116 - Tirol, Natal - RN, 59015-145, República Federativa do Brasil",Avenida Hermes da Fonseca,Tirol,2,"738,98",
P061,FRENTE AO MID,"Avenida Senador Salgado Filho, 424-624 - Tirol, Natal - RN, 59022-000, República Federativa do Brasil",Avenida Senador Salgado Filho,Tirol,2,"738,98",
P062,CONDOMINIO PAIS DE GALE,"Avenida Senador Salgado Filho, 1160-1258 - Lagoa Nova, Natal - RN, 59056-000, República Federativa do Brasil",Avenida Senador Salgado Filho,Lagoa Nova,4,"738,740,97,98",
P063,PORTUGAL CENTER,"Avenida Senador Salgado Filho, 1511-1613 - Lagoa Nova, Natal - RN, 59056-000, República Federativa do Brasil",Avenida Senador Salgado Filho,Lagoa Nova,4,"738,740,97,98",
P064,DOM GURMET,"Avenida Senador Salgado Filho, 1862-2012 - Lagoa Nova, Natal - RN, 59075-000, República Federativa do Brasil",Avenida Senador Salgado Filho,Lagoa Nova,4,"738,740,97,98",
P065,POSTO ALVARO 105 GOVERNADORIA,"Avenida Senador Salgado Filho - Pista Lateral, 2682-2892 - Lagoa Nova, Natal - RN, República Federativa do Brasil",Avenida Senador Salgado Filho,Lagoa Nova,4,"738,740,97,98",
P066,BANCO BRADESCO E ITAUBR,"Avenida Senador Salgado Filho - Pista Lateral, 2920-3012 - Candelária, Natal - RN, República Federativa do Brasil",Avenida Senador Salgado Filho,Candelária,2,"738,98",
P067,ESTACAO CARREFOUR,"Natal Shopping - Avenida Senador Salgado Filho, 2234 - Lagoa Nova, Natal - RN, Brasil",Avenida Senador Salgado Filho,Lagoa Nova,6,"738,740,745.1,745.2,97,98",
P068,ANTIGA SALINAS,"Avenida Senador Salgado Filho, 3044 - Candelária, Natal - RN, Brasil",Avenida Senador Salgado Filho,Candelária,5,"738,740,745.2,97,98",
P069,POSTO BR NOVO HORIZONTE,"Av. Sen. Salgado Filho - Candelária, Natal - RN, 59080-000, Brasil",Av. Sen. Salgado Filho,Candelária,5,"738,740,745.2,97,98",
P070,PASSARELA NEOPOLIS SENTIDO PARANAMIRIM,"Av. Sen. Salgado Filho - Candelária, Natal - RN, 59066-800, Brasil",Av. Sen. Salgado Filho,Candelária,5,"738,740,745.2,97,98",
P071,SAMS CLUB SENTIDO PARNAMIRIM,"Av. Dão Silveira, 4323-4445 - Candelária, Natal - RN, Brasil",Av. Dão Silveira,Candelária,5,"738,740,745.2,97,98",
P072,CAR BOX,"Av. Sen. Salgado Filho - Candelária, Natal - RN, 59080-000, Brasil",Av. Sen. Salgado Filho,Candelária,5,"738,740,745.2,97,98",
P073,ATACADAO,"Av. Sen. Salgado Filho - Pitimbu, Natal - RN, 59080-000, Brasil",Av. Sen. Salgado Filho,Pitimbu,5,"738,740,745.2,97,98",
P074,DIVEP,"Av Abel Cabral, 66, Rio Grande Do Norte, Nova Parnamirim (Parnamirim)",Av Abel Cabral,Nova Parnamirim,4,"738,740,745.2,98",
P075,CAIXA ECONOMICA DA MARIA LACERDA,"Av Maria Lacerda Montenegro, 3158, Rio Grande Do Norte, Nova Parnamirim (Parnamirim)",Av Maria Lacerda Montenegro,Nova Parnamirim,2,"738,740",
P076,RESTAURANTE TEMPERO DA MARIA,"Av Maria Lacerda Montenegro, 2873, Rio Grande Do Norte, Nova Parnamirim (Parnamirim)",Av Maria Lacerda Montenegro,Nova Parnamirim,2,"738,740",
P077,EXTRA,"Av Maria Lacerda Montenegro, 2623, Rio Grande Do Norte, Nova Parnamirim (Parnamirim)",Av Maria Lacerda Montenegro,Nova Parnamirim,2,"738,740",
P078,COLINAS DO SOL,"Av Maria Lacerda Montenegro, 2229, Rio Grande Do Norte, Nova Parnamirim (Parnamirim)",Av Maria Lacerda Montenegro,Nova Parnamirim,2,"738,740",
P079,CASA DO BOLO,"Av Maria Lacerda Montenegro, 1861, Rio Grande Do Norte, Nova Parnamirim (Parnamirim)",Av Maria Lacerda Montenegro,Nova Parnamirim,2,"738,740",
P080,CLAUDI MOVEIS,"Av Maria Lacerda Montenegro, 1497, Rio Grande Do Norte, Nova Parnamirim (Parnamirim)",Av Maria Lacerda Montenegro,Nova Parnamirim,2,"738,740",
P081,ACAI BIRUTA,"Av Maria Lacerda Montenegro, 1211, Rio Grande Do Norte, Nova Parnamirim (Parnamirim)",Av Maria Lacerda Montenegro,Nova Parnamirim,2,"738,740",
P082,RESTAURANTE BOM PRECO,"Avenida Maria Lacerda Montenegro, 2380-2604 - Nova Parnamirim, Parnamirim - RN, República Federativa do Brasil",Avenida Maria Lacerda Montenegro,Nova Parnamirim,2,"738,740",
P083,LATERAL DE CEPE,"Av Maria Lacerda Montenegro, 66, Rio Grande Do Norte, Nova Parnamirim (Parnamirim)",Av Maria Lacerda Montenegro,Nova Parnamirim,2,"738,740",volta
P084,HAMBURGO STYLE,"Avenida Gastão Mariz de Faria, 92-244 - Parque dos Eucaliptos, Parnamirim - RN, 59152-110, República Federativa do Brasil",Avenida Gastão Mariz de Faria,Parque dos Eucaliptos,3,"738,740,745.2",
P085,CAMPO CERRADO,"Avenida Gastão Mariz de Faria, 538-610 - Parque dos Eucaliptos, Parnamirim - RN, 59152-110, República Federativa do Brasil",Avenida Gastão Mariz de Faria,Parque dos Eucaliptos,3,"738,740,745.2",
P086,TERMINAL,"Av. Gastão Mariz de Faria, 850-994 - Parque dos Eucaliptos, Parnamirim - RN, 59152-110, Brasil",Av. Gastão Mariz de Faria,Parque dos Eucaliptos,2,"738,745.2",volta
P087,KERO KERO,"Av Sen. Salgado Filho, Rio Grande Do Norte, Candelaria (Natal)",Av Sen. Salgado Filho,Candelaria,4,"738,740,745.2,98",
P088,ESPACO SALLUTE,"Avenida Abel Cabral, 2 - Clube do Pitimbu, Natal - RN, Brasil",Avenida Abel Cabral,Clube do Pitimbu,1,740,
P089,MARCO ZERO MARCO ACAI,"Rua Maria Dolores Costa, 373-517 - Nova Parnamirim, Parnamirim - RN, Brasil",Rua Maria Dolores Costa,Nova Parnamirim,2,"740,745.1",
P090,IFRN,"Avenida Senador Salgado Filho, 353-437 - Tirol, Natal - RN, 59015-000, República Federativa do Brasil",Avenida Senador Salgado Filho,Tirol,2,"740,97",
P091,VILLA PARK,"Rua Nossa Senhora de Lourdes, 1-247 - Tirol, Natal - RN, 59015-260, República Federativa do Brasil",Rua Nossa Senhora de Lourdes,Tirol,2,"740,97",
P092,BATALHAO 16,"Avenida Hermes da Fonseca, 366-482 - Tirol, Natal - RN, 59015-145, República Federativa do Brasil",Avenida Hermes da Fonseca,Tirol,2,"740,97",
P093,IDEA DE MOVEIS,"Avenida Hermes da Fonseca, 804-866 - Tirol, Natal - RN, 59014-615, República Federativa do Brasil",Avenida Hermes da Fonseca,Tirol,2,"740,97",
P094,UNIVERSIDADE DA PICANHA,"Avenida Hermes da Fonseca, 1182-1252 - Tirol, Natal - RN, 59014-615, República Federativa do Brasil",Avenida Hermes da Fonseca,Tirol,2,"740,97",
P095,BIENOVA,"Avenida Hermes da Fonseca, 1736-1804 - Tirol, Natal - RN, 59014-555, República Federativa do Brasil",Avenida Hermes da Fonseca,Tirol,2,"740,97",
P096,CAMPO JUVENAL LAMARTINE,"Avenida Hermes da Fonseca, 2000-2064 - Tirol, Natal - RN, 59014-495, República Federativa do Brasil",Avenida Hermes da Fonseca,Tirol,2,"740,97",
P097,PREDIO VELHO,"Avenida Hermes da Fonseca, 2394-2468 - Petrópolis, Natal - RN, 59014-165, República Federativa do Brasil",Avenida Hermes da Fonseca,Petrópolis,2,"740,97",
P098,MERCADO PETROPOLIS,"Avenida Hermes da Fonseca, 2644-2702 - Petrópolis, Natal - RN, 59014-165, República Federativa do Brasil",Avenida Hermes da Fonseca,Petrópolis,2,"740,97",
P099,HARMONY MEDICAL CENTER,"Rua Coronel Joaquim Manoel, 607-625 - Petrópolis, Natal - RN, 59012-330, República Federativa do Brasil",Rua Coronel Joaquim Manoel,Petrópolis,2,"740,97",
P100,PRACA CIVICA,"Rua Traíri, 443-445 - Petrópolis, Natal - RN, 59020-150, República Federativa do Brasil",Rua Traíri,Petrópolis,2,"740,97",
P101,HOSPITAL VARELA SANTIAGO,"Avenida Deodoro da Fonseca, 1045-1111 - Cidade Alta, Natal - RN, 59025-600, República Federativa do Brasil",Avenida Deodoro da Fonseca,Cidade Alta,2,"740,97",
P102,BANCO ITAU CIDADE,"Avenida Deodoro da Fonseca, 759-779 - Cidade Alta, Natal - RN, 59025-600, República Federativa do Brasil",Avenida Deodoro da Fonseca,Cidade Alta,2,"740,97",
P103,ARQUIVO TRIBUNAL DE JUSTICA,"Rua Apodi, 252 - Cidade Alta, Natal - RN, 59025-170, República Federativa do Brasil",Rua Apodi,Cidade Alta,2,"740,97",
P104,PRACA PRACA JOAO TIBURCIO,"Rua Padre João Manoel, 757-831 - Cidade Alta, Natal - RN, 59025-350, República Federativa do Brasil",Rua Padre João Manoel,Cidade Alta,2,"740,97",
P105,BALDO,"R Pe. Pinto, Rio Grande Do Norte, Cidade Alta (Natal)",R Pe. Pinto,Cidade Alta,2,"740,97",volta
P106,CEMITERIO DO ALECRIM,"Avenida Fonseca E Silva, 81-169 - Alecrim, Natal - RN, 59020-600, República Federativa do Brasil",Avenida Fonseca E Silva,Alecrim,2,"740,97",
P107,INSINUANTE ALECRIM,"Rua Amaro Barreto, 51-1281 - Alecrim, Natal - RN, 59031-450, República Federativa do Brasil",Rua Amaro Barreto,Alecrim,2,"740,97",
P108,DEPOIS DO BRADESCO ALECRIM,"Avenida Presidente Bandeira, 508-544 - Alecrim, Natal - RN, 59037-200, República Federativa do Brasil",Avenida Presidente Bandeira,Alecrim,2,"740,97",
P109,LAMPADINHA ALECRIM,"Avenida Presidente Bandeira, 866-906 - Alecrim, Natal - RN, 59030-200, República Federativa do Brasil",Avenida Presidente Bandeira,Alecrim,2,"740,97",
P110,MARTELINHO DE OURO,"Avenida Presidente Bandeira, 974-1152 - Lagoa Seca, Natal - RN, 59030-200, República Federativa do Brasil",Avenida Presidente Bandeira,Lagoa Seca,2,"740,97",
P111,AROLDO AUTO PECAS,"Avenida Presidente Bandeira, 1640-1830 - Lagoa Seca, Natal - RN, 59030-200, República Federativa do Brasil",Avenida Presidente Bandeira,Lagoa Seca,2,"740,97",
P112,POSTO BR PROXIMO AO MID,"Avenida Bernardo Vieira, 3336-3588 - Lagoa Nova, Natal - RN, 59056-045, República Federativa do Brasil",Avenida Bernardo Vieira,Lagoa Nova,2,"740,97",
P113,PN329,"Universidade Federal do Rio Grande do Norte (UFRN), Av. João Medeiros - Lagoa Nova, Natal - RN, Brasil",Av. João Medeiros - Lagoa Nova,Lagoa Nova,2,"745.1,745.2",
P114,CIDADE JARDIM,"R. Leôncio Etelvino de Medeiros, 2920-2928 - Capim Macio, Natal - RN, 59078-570, Brasil",R. Leôncio Etelvino de Medeiros,Capim Macio,1,745.1,
P115,SANTANDER,"R. Leôncio Etelvino de Medeiros, 3056-3164 - Capim Macio, Natal - RN, 59078-570, Brasil",R. Leôncio Etelvino de Medeiros,Capim Macio,1,745.1,
P116,MAURICIO DE NASSAU,"Av. Eng. Roberto Freire, 512-626 - Capim Macio, Natal - RN, 59080-400, Brasil",Av. Eng. Roberto Freire,Capim Macio,1,745.1,
P117,EXTRA,"Av. Eng. Roberto Freire, 780-1020 - Capim Macio, Natal - RN, 59082-400, Brasil",Av. Eng. Roberto Freire,Capim Macio,1,745.1,
P118,SHOPPING SEEWAY,"Av. Eng. Roberto Freire, 1188-1348 - Capim Macio, Natal - RN, 59082-400, Brasil",Av. Eng. Roberto Freire,Capim Macio,1,745.1,
P119,UNP,"Avenida Engenheiro Roberto Freire, 1514 - Universidade Potiguar - Unp - Capim Macio, Natal - RN, Brasil",Avenida Engenheiro Roberto Freire,Capim Macio,1,745.1,
P120,TABUA DE CARNE,"Avenida Engenheiro Roberto Freire, 2250 - Capim Macio, Natal - RN, Brasil",Avenida Engenheiro Roberto Freire,Capim Macio,1,745.1,
P121,ESTACIO,"Avenida Engenheiro Roberto Freire - Capim Macio, Natal - RN, Brasil",Avenida Engenheiro Roberto Freire,Capim Macio,1,745.1,
P122,PRAIA SHOPPING,"Avenida Engenheiro Roberto Freire - Capim Macio, Natal - RN, Brasil",Avenida Engenheiro Roberto Freire,Capim Macio,1,745.1,
P123,FEIRA DE ARTESANATO,"Av. Eng. Roberto Freire, 2793-2943 - Ponta Negra, Natal - RN, 59080-400, Brasil",Av. Eng. Roberto Freire,Ponta Negra,1,745.1,
P124,BAR E PALESI,"Avenida Engenheiro Roberto Freire, 26-9028 - Ponta Negra, Natal - RN, Brasil",Avenida Engenheiro Roberto Freire,Ponta Negra,1,745.1,
P125,DECKY BAR,"RN-063, 2-4 - Ponta Negra, Natal - RN, Brasil",RN-063,Ponta Negra,1,745.1,
P126,CIGARREIRA ROTA DO SOL,"Av. Praia de Pirangi, 322-406 - Ponta Negra, Natal - RN, 59092-300, Brasil",Av. Praia de Pirangi,Ponta Negra,1,745.1,
P127,POSTO SHELL,"Av. Praia de Pirangi, 408-740 - Ponta Negra, Natal - RN, 59092-300, Brasil",Av. Praia de Pirangi,Ponta Negra,1,745.1,
P128,DOLCE AMORE,"Avenida Praia de Pirangi, 5065-5099 - Ponta Negra, Natal - RN, Brasil",Avenida Praia de Pirangi,Ponta Negra,1,745.1,
P129,PN345,"Avenida Praia de Pirangi, 1440-1528 - Ponta Negra, Natal - RN, 59092-300, Brasil",Avenida Praia de Pirangi,Ponta Negra,1,745.1,
P130,ROTATORIA,"Avenida Praia de Pirangi, 1956-2012 - Ponta Negra, Natal - RN, 59092-300, República Federativa do Brasil",Avenida Praia de Pirangi,Ponta Negra,1,745.1,
P131,SOLAR ENERGIAS RENOVAVEIS,"Rua Alfredo Dias de Figueiredo, 993-997 - Ponta Negra, Natal - RN, 59092-570, Brasil",Rua Alfredo Dias de Figueiredo,Ponta Negra,1,745.1,
P132,IGREJA PENTECOSTAL,"Rua Alfredo Dias de Figueiredo, 587-679 - Ponta Negra, Natal - RN, 59092-570, Brasil",Rua Alfredo Dias de Figueiredo,Ponta Negra,1,745.1,
P133,IGREJA GUERREIROS DA ORACAO,"Rua Angelim, 2-110 - Nova Parnamirim, Natal - RN, 59152-110, Brasil",Rua Angelim,Nova Parnamirim,1,745.1,
P134,TERMINAL,"Avenida Gastão Mariz de Faria, 976 - Nova Parnamirim, Natal - RN, Brasil",Avenida Gastão Mariz de Faria,Nova Parnamirim,1,745.2,
P135,IGREJA PETENCOSTAL,"R. Alfredo Dias de Figueiredo, 2189-2733 - Ponta Negra, Natal - RN, 59092-570, Brasil",R. Alfredo Dias de Figueiredo,Ponta Negra,1,745.2,
P136,ROTATORIA PN,"Av. Praia de Pirangi, 1745-2069 - Ponta Negra, Natal - RN, 59092-300, Brasil",Av. Praia de Pirangi,Ponta Negra,1,745.2,
P137,FRASQUEIRAO,"Av. Praia de Pirangi, 1565-1671 - Ponta Negra, Natal - RN, 59092-300, Brasil",Av. Praia de Pirangi,Ponta Negra,1,745.2,
P138,ESTRELA DO ATLANTICO,"Av. Praia de Pirangi, 1003-1139 - Ponta Negra, Natal - RN, 59092-300, Brasil",Av. Praia de Pirangi,Ponta Negra,1,745.2,
P139,MARITIMOS BAR,"Av. Praia de Pirangi, 575-1001 - Ponta Negra, Natal - RN, 59092-300, Brasil",Av. Praia de Pirangi,Ponta Negra,1,745.2,
P140,CHIC PIZZA,"Av. Praia de Pirangi, 317-441 - Ponta Negra, Natal - RN, 59092-300, Brasil",Av. Praia de Pirangi,Ponta Negra,1,745.2,
P141,ROTA DO SOL,"Av. Praia de Pirangi, 83-315 - Ponta Negra, Natal - RN, 59092-300, Brasil",Av. Praia de Pirangi,Ponta Negra,1,745.2,
P142,DECKY,"Av. Eng. Roberto Freire, 3515-3647 - Ponta Negra, Natal - RN, 59080-400, Brasil",Av. Eng. Roberto Freire,Ponta Negra,1,745.2,
P143,BARI PALESI,"Av. Eng. Roberto Freire, 3119-3273 - Ponta Negra, Natal - RN, 59080-400, Brasil",Av. Eng. Roberto Freire,Ponta Negra,1,745.2,
P144,CAMAROES,"Av. Eng. Roberto Freire, 2677-2773 - Ponta Negra, Natal - RN, 59080-400, Brasil",Av. Eng. Roberto Freire,Ponta Negra,1,745.2,
P145,PRAIA SHOPPING,"Avenida Engenheiro Roberto Freire - Capim Macio, Natal - RN, Brasil",Avenida Engenheiro Roberto Freire,Capim Macio,1,745.2,
P146,EM FRENTE DUNNAS SHOPPING,"Av. Eng. Roberto Freire, 1347-2107 - Capim Macio, Natal - RN, 59080-400, Brasil",Av. Eng. Roberto Freire,Capim Macio,1,745.2,
P147,UNP,"Av. Eng. Roberto Freire, 1347-2107 - Capim Macio, Natal - RN, 59080-400, Brasil",Av. Eng. Roberto Freire,Capim Macio,1,745.2,
P148,EXTRA,"Av. Eng. Roberto Freire, 689-1345 - Capim Macio, Natal - RN, 59080-400, Brasil",Av. Eng. Roberto Freire,Capim Macio,1,745.2,
P149,MAURICIO DE NASSAU,"Av. Eng. Roberto Freire, 441-657 - Parque das Dunas, Natal - RN, 59080-400, Brasil",Av. Eng. Roberto Freire,Parque das Dunas,1,745.2,
P150,DROGARIA GLOBO,"Av. Eng. Roberto Freire, 1-439 - Parque das Dunas, Natal - RN, 59080-400, Brasil",Av. Eng. Roberto Freire,Parque das Dunas,1,745.2,
P151,BRADESCO,"R. Leôncio Etelvino de Medeiros, 2941-2947 - Capim Macio, Natal - RN, 59078-570, Brasil",R. Leôncio Etelvino de Medeiros,Capim Macio,1,745.2,
P152,UFRN - LABORATORIO DE AUTOMACAO,"Universidade Federal do Rio Grande do Norte (UFRN), Av. Contorno do Campos, 770-896 - Lagoa Nova, Natal - RN, Brasil",Av. Contorno do Campos,Lagoa Nova,1,745.2,
P153,UFRN - CIT,"Universidade Federal do Rio Grande do Norte (UFRN), Av. Contorno do Campos, 1094-1214 - Lagoa Nova, Natal - RN, Brasil",Av. Contorno do Campos,Lagoa Nova,1,745.2,
P154,UFRN - CENTRO DE BIOCIENCIA,"Universidade Federal do Rio Grande do Norte (UFRN), Av. Passeio dos Girassóis, 555-683 - Lagoa Nova, Natal - RN, 59077-080, Brasil",Av. Passeio dos Girassóis,Lagoa Nova,1,745.2,
P155,UFRN - NUPLAM 2,"Universidade Federal do Rio Grande do Norte (UFRN), Av. Passeio dos Girassóis, 209-249 - Lagoa Nova, Natal - RN, 59077-080, Brasil",Av. Passeio dos Girassóis,Lagoa Nova,1,745.2,
P156,UFRN - ROTATORIA DO NEI,"Av. Passeio dos Girassóis, 2-244 - Lagoa Nova, Natal - RN, 59077-080, Brasil",Av. Passeio dos Girassóis,Lagoa Nova,1,745.2,
P157,UFRN - NUPLAM,"Universidade Federal do Rio Grande do Norte (UFRN), Av. Passeio dos Girassóis, 270-412 - Lagoa Nova, Natal - RN, 59077-080, Brasil",Av. Passeio dos Girassóis,Lagoa Nova,1,745.2,
P158,MERCADINHO SAO FRANCISCO E GINASIO,"Av. Santos Dumont, 465 - Capim Macio, Natal - RN, 59078-200, Brasil",Av. Santos Dumont,Capim Macio,1,745.2,
P159,IGREJA DE MIRASSOL,"Av. Santos Dumont, 441-457 - Capim Macio, Natal - RN, 59078-200, Brasil",Av. Santos Dumont,Capim Macio,1,745.2,
P160,ESPACO REDUZIDO,"Av Abel Cabral, 398, Rio Grande Do Norte, Nova Parnamirim (Parnamirim)",Av Abel Cabral,Nova Parnamirim,3,"745.2,97,98",
P161,GRUPO CONRADO,"R. Padre Miguel, 460-462 - Parque do Pitimbu, Parnamirim - RN, 59150-440, Brasil",R. Padre Miguel,Parque do Pitimbu,3,"745.2,97,98",
P162,MANARA,"R. dos Juritis - Parque do Pitimbu, Parnamirim - RN, 59150-210, Brasil",R. dos Juritis,Parque do Pitimbu,3,"745.2,97,98",
P163,CDA DISTRIBUIDORA,"Av. Abel Cabral, 1004-1096 - Parque do Pitimbu, Parnamirim - RN, 59151-250, Brasil",Av. Abel Cabral,Parque do Pitimbu,3,"745.2,97,98",
P164,MC DONALDS,"Av. Abel Cabral, 1288-1396 - Parque do Pitimbu, Parnamirim - RN, 59151-250, Brasil",Av. Abel Cabral,Parque do Pitimbu,3,"745.2,97,98",
P165,OVERDOSE,"Av Abel Cabral, 1628, Rio Grande Do Norte, Nova Parnamirim (Parnamirim)",Av Abel Cabral,Nova Parnamirim,3,"745.2,97,98",
P166,CONDOMINIO ARCO IRIS,"Av. Abel Cabral, 1780-1842 - Parque do Pitimbu, Parnamirim - RN, 59151-250, Brasil",Av. Abel Cabral,Parque do Pitimbu,2,"745.2,98",
P167,IGREJA EVANGELICA CRISTA,"Av Abel Cabral, 2114, Rio Grande Do Norte, Nova Parnamirim (Parnamirim)",Av Abel Cabral,Nova Parnamirim,3,"745.2,97,98",
P168,PONTUAL MATERIAL DE CONSTRUCAO,"Av. Abel Cabral, 2390 - Parque dos Eucaliptos, Parnamirim - RN, 59151-250, Brasil",Av. Abel Cabral,Parque dos Eucaliptos,1,745.2,
P169,SHOPPING AYRTON SENNA,"Av. Abel Cabral, 2672-2680 - Parque dos Eucaliptos, Parnamirim - RN, 59151-250, Brasil",Av. Abel Cabral,Parque dos Eucaliptos,1,745.2,
P170,KI PAO SERIDO,"Avenida Ayrton Senna, 4158-4464 - Parque dos Eucaliptos, Parnamirim - RN, 59088-100, República Federativa do Brasil",Avenida Ayrton Senna,Parque dos Eucaliptos,1,745.2,
P171,CONDOMINIO ITAMARATI,"Avenida Ayrton Senna, 4844-5064 - Parque dos Eucaliptos, Parnamirim - RN, 59088-100, República Federativa do Brasil",Avenida Ayrton Senna,Parque dos Eucaliptos,1,745.2,
P172,ANTES DA ROTATORIA CIDADE VERDE,"Avenida Ayrton Senna, 5066-5168 - Parque dos Eucaliptos, Parnamirim - RN, 59088-100, República Federativa do Brasil",Avenida Ayrton Senna,Parque dos Eucaliptos,1,745.2,
P173,COLEGIO EXTENSIVO,"Av. Gastão Mariz de Faria, 246-320 - Parque dos Eucaliptos, Parnamirim - RN, 59152-110, Brasil",Av. Gastão Mariz de Faria,Parque dos Eucaliptos,1,745.2,
P174,CONDOMINIO ITATIAIA,"Praca, Rio Grande Do Norte, Parque Dos Eucaliptos (Parnamirim)",Praca,Parque Dos Eucaliptos,2,"97,98",
P175,MARMITARIA DELICIAS QUENTINHAS,"R Araca, Rio Grande Do Norte, Nordeste (Parnamirim)",R Araca,Nordeste,2,"97,98",
P176,PN269,"R Adail Pamplona De Menezes, 667, Rio Grande Do Norte, Nova Parnamirim (Parnamirim)",R Adail Pamplona De Menezes,Nova Parnamirim,2,"97,98",
P177,CONDOMINIO JARDIM DO SUL,"R Adail Pamplona De Menezes, 472, Rio Grande Do Norte, Nova Parnamirim (Parnamirim)",R Adail Pamplona De Menezes,Nova Parnamirim,1,97,
P178,ACQUA ESTETICA,"R Adail Pamplona De Menezes, 336, Rio Grande Do Norte, Nova Parnamirim (Parnamirim)",R Adail Pamplona De Menezes,Nova Parnamirim,2,"97,98",
P179,REVISTARIA AYRTON SENNA,"R Adail Pamplona De Menezes, 36, Rio Grande Do Norte, Nova Parnamirim (Parnamirim)",R Adail Pamplona De Menezes,Nova Parnamirim,2,"97,98",
P180,IGREJA ASSEMBLEIA DE DEUS ABEL,"Av Abel Cabral, 2686, Rio Grande Do Norte, Nova Parnamirim (Parnamirim)",Av Abel Cabral,Nova Parnamirim,2,"97,98",
P181,MINA BELA COSMETICOS,"Av Abel Cabral, 3173, Rio Grande Do Norte, Nova Parnamirim (Parnamirim)",Av Abel Cabral,Nova Parnamirim,2,"97,98",
P182,PREFEITURA,"Av Abel Cabral, 1992, Rio Grande Do Norte, Nova Parnamirim (Parnamirim)",Av Abel Cabral,Nova Parnamirim,2,"97,98",
P183,CONDOMINIO ARCO-IRIS,"Av Abel Cabral, 1812, Rio Grande Do Norte, Nova Parnamirim (Parnamirim)",Av Abel Cabral,Nova Parnamirim,2,"97,98",
P184,CONDOMINIO COLINAS DAS PALMEIRAS,"Av Abel Cabral, 1436, Rio Grande Do Norte, Nova Parnamirim (Parnamirim)",Av Abel Cabral,Nova Parnamirim,2,"97,98",
P185,CDA,"Av Abel Cabral, 1054, Rio Grande Do Norte, Nova Parnamirim (Parnamirim)",Av Abel Cabral,Nova Parnamirim,2,"97,98",
P186,PROSSEGUIR AUTO ESCOLA,"Av Abel Cabral, 845, Rio Grande Do Norte, Nova Parnamirim (Parnamirim)",Av Abel Cabral,Nova Parnamirim,2,"97,98",
P187,ESPACO REDUZIDO,"Avenida Abel Cabral, 270-280 - Nova Parnamirim, Natal - RN, Brasil",Avenida Abel Cabral,Nova Parnamirim,2,"97,98",
P188,BOTECO RESTAURANTE E PIZZARIA,"Av Abel Cabral, 736, Rio Grande Do Norte, Nova Parnamirim (Parnamirim)",Av Abel Cabral,Nova Parnamirim,2,"97,98",
P189,OVERDOSE,"Av Abel Cabral, 1566, Rio Grande Do Norte, Nova Parnamirim (Parnamirim)",Av Abel Cabral,Nova Parnamirim,2,"97,98",volta
P190,PN322,"Av Abel Cabral, 1790, Rio Grande Do Norte, Nova Parnamirim (Parnamirim)",Av Abel Cabral,Nova Parnamirim,1,97,
P191,PREFEITURA,"Av Abel Cabral, 2020, Rio Grande Do Norte, Nova Parnamirim (Parnamirim)",Av Abel Cabral,Nova Parnamirim,2,"97,98",
P192,TROPICAL LANCHES,"Av Abel Cabral, 2394, Rio Grande Do Norte, Nova Parnamirim (Parnamirim)",Av Abel Cabral,Nova Parnamirim,2,"97,98",
P193,IGREJA ASSEMBLEIA DE DEUS ABEL,"Av Abel Cabral, 2692, Rio Grande Do Norte, Nova Parnamirim (Parnamirim)",Av Abel Cabral,Nova Parnamirim,2,"97,98",volta
P194,ATRAS DO CONDOMINIO BERTIOGA,"R Adail Pamplona De Menezes, 318, Rio Grande Do Norte, Nova Parnamirim (Parnamirim)",R Adail Pamplona De Menezes,Nova Parnamirim,1,97,
P195,VIA DORO,"R Adail Pamplona De Menezes, 444, Rio Grande Do Norte, Nova Parnamirim (Parnamirim)",R Adail Pamplona De Menezes,Nova Parnamirim,1,97,
P196,RESIDENCIAL GOLDEN VALLEY,"R Adail Pamplona De Menezes, 562, Rio Grande Do Norte, Nova Parnamirim (Parnamirim)",R Adail Pamplona De Menezes,Nova Parnamirim,1,97,
P197,VAREJAO VITORIA,"R Adail Pamplona De Menezes, 662, Rio Grande Do Norte, Nova Parnamirim (Parnamirim)",R Adail Pamplona De Menezes,Nova Parnamirim,2,"97,98",
P198,MERCADINHO ALGAROBA,"R Da Algaroba, 365, Rio Grande Do Norte, Nova Parnamirim (Parnamirim)",R Da Algaroba,Nova Parnamirim,1,98,
P199,GERBERA RECEPCOES,"R Algarobas, 117, Rio Grande Do Norte, Nova Parnamirim (Parnamirim)",R Algarobas,Nova Parnamirim,1,98,
P200,CONDOMINIO GOLDEN VALLEY,"R Adail Pamplona De Menezes, 472, Rio Grande Do Norte, Nova Parnamirim (Parnamirim)",R Adail Pamplona De Menezes,Nova Parnamirim,1,98,
P201,PN312,"R Adail Pamplona De Menezes, 318, Rio Grande Do Norte, Nova Parnamirim (Parnamirim)",R Adail Pamplona De Menezes,Nova Parnamirim,1,98,
P202,PN313,"R Adail Pamplona De Menezes, 530, Rio Grande Do Norte, Nova Parnamirim (Parnamirim)",R Adail Pamplona De Menezes,Nova Parnamirim,1,98,
