parada_id,nome,linhas,n_linhas
P132,IGREJA PENTECOSTAL,745.1,1
P131,SOLAR ENERGIAS RENOVAVEIS,745.1,1
P130,ROTATORIA,745.1,1
P129,PN345,745.1,1
P128,DOLCE AMORE,745.1,1
P127,POSTO SHELL,745.1,1
P126,CIGARREIRA ROTA DO SOL,745.1,1
P125,DECKY BAR,745.1,1
P124,BAR E PALESI,745.1,1
P123,FEIRA DE ARTESANATO,745.1,1
P122,PRAIA SHOPPING,745.1,1
P121,ESTACIO,745.1,1
P120,TABUA DE CARNE,745.1,1
P119,UNP,745.1,1
P118,SHOPPING SEEWAY,745.1,1
P117,EXTRA,745.1,1
P116,MAURICIO DE NASSAU,745.1,1
P115,SANTANDER,745.1,1
P114,CIDADE JARDIM,745.1,1
P067,ESTACAO CARREFOUR,"738,740,745.1,745.2,97,98",6
P135,IGREJA PETENCOSTAL,745.2,1
P136,ROTATORIA PN,745.2,1
P137,FRASQUEIRAO,745.2,1
P138,ESTRELA DO ATLANTICO,745.2,1
P139,MARITIMOS BAR,745.2,1
P140,CHIC PIZZA,745.2,1
P141,ROTA DO SOL,745.2,1
P142,DECKY,745.2,1
P143,BARI PALESI,745.2,1
P144,CAMAROES,745.2,1
P145,PRAIA SHOPPING,745.2,1
P146,EM FRENTE DUNNAS SHOPPING,745.2,1
P147,UNP,745.2,1
P148,EXTRA,745.2,1
P149,MAURICIO DE NASSAU,745.2,1
P150,DROGARIA GLOBO,745.2,1
P151,BRADESCO,745.2,1
P152,UFRN - LABORATORIO DE AUTOMACAO,745.2,1
P153,UFRN - CIT,745.2,1
P154,UFRN - CENTRO DE BIOCIENCIA,745.2,1
P155,UFRN - NUPLAM 2,745.2,1
P156,UFRN - ROTATORIA DO NEI,745.2,1
P157,UFRN - NUPLAM,745.2,1
P158,MERCADINHO SAO FRANCISCO E GINASIO,745.2,1
P159,IGREJA DE MIRASSOL,745.2,1
P028,ESTACAO VIA DIRETA,"738,740,745.1,745.2,97,98",6
P003,CONDOMINIO ITATIAIA,"738,740,745.1,97,98",5
