origem,destino,de,para,peso_linhas,linhas,betweenness_trecho
P020,P021,KERO KERO,ACAI,5,"738,740,745.1,97,98",0.2877198167577952
P021,P022,ACAI,ATACADAO,5,"738,740,745.1,97,98",0.2867839022708241
P022,P023,ATACADAO,MOTEL VISION,5,"738,740,745.1,97,98",0.285847987783853
P023,P024,MOTEL VISION,SAMS CLUB,5,"738,740,745.1,97,98",0.28491207329688195
P024,P025,SAMS CLUB,PASSARELA DE NEOPOLIS,5,"738,740,745.1,97,98",0.28397615880991084
P025,P026,PASSARELA DE NEOPOLIS,HYUNDAI,5,"738,740,745.1,97,98",0.2830402443229398
P026,P027,HYUNDAI,PG PRIME,5,"738,740,745.1,97,98",0.28210432983596867
P027,P028,PG PRIME,ESTACAO VIA DIRETA,5,"738,740,745.1,97,98",0.2811684153489976
P067,P068,ESTACAO CARREFOUR,ANTIGA SALINAS,5,"738,740,745.2,97,98",0.22383133835771638
P068,P069,ANTIGA SALINAS,POSTO BR NOVO HORIZONTE,5,"738,740,745.2,97,98",0.2228954238707453
P028,P029,ESTACAO VIA DIRETA,PASSARELA DE POTILANDIA,4,"738,740,97,98",0.22220580266981924
P069,P070,POSTO BR NOVO HORIZONTE,PASSARELA NEOPOLIS SENTIDO PARANAMIRIM,5,"738,740,745.2,97,98",0.2219595093837742
P029,P030,PASSARELA DE POTILANDIA,UNIVERSAL,4,"738,740,97,98",0.22126988818284815
P070,P071,PASSARELA NEOPOLIS SENTIDO PARANAMIRIM,SAMS CLUB SENTIDO PARNAMIRIM,5,"738,740,745.2,97,98",0.22102359489680312
P030,P031,UNIVERSAL,PIZZARIA DONA MARIA,4,"738,740,97,98",0.22033397369587707
P071,P072,SAMS CLUB SENTIDO PARNAMIRIM,CAR BOX,5,"738,740,745.2,97,98",0.22008768040983204
P031,P032,PIZZARIA DONA MARIA,NORDESTAO,4,"738,740,97,98",0.21939805920890598
P072,P073,CAR BOX,ATACADAO,5,"738,740,745.2,97,98",0.21915176592286095
P187,P020,ESPACO REDUZIDO,KERO KERO,2,"97,98",0.21757548889217282
P160,P161,ESPACO REDUZIDO,GRUPO CONRADO,1,745.2,0.1845229299049308
P073,P160,ATACADAO,ESPACO REDUZIDO,1,97,0.17277474016058322
P046,P047,CIA,AMERICANAS,4,"738,740,97,98",0.16972070341362494
P062,P063,CONDOMINIO PAIS DE GALE,PORTUGAL CENTER,4,"738,740,97,98",0.16885867691246736
P047,P048,AMERICANAS,RIBEIRA,4,"738,740,97,98",0.16878478892665386
P063,P064,PORTUGAL CENTER,DOM GURMET,4,"738,740,97,98",0.16792276242549628
P064,P065,DOM GURMET,POSTO ALVARO 105 GOVERNADORIA,4,"738,740,97,98",0.1669868479385252
P161,P187,GRUPO CONRADO,ESPACO REDUZIDO,1,97,0.16276291808285306
P065,P067,POSTO ALVARO 105 GOVERNADORIA,ESTACAO CARREFOUR,2,"740,97",0.16159302497413922
P032,P033,NORDESTAO,CONDOMINIO MORRO BRANCO,2,"738,98",0.1582926949411359
P033,P034,CONDOMINIO MORRO BRANCO,MERCEARIA SR. ROCHA,2,"738,98",0.15735678045416482
P034,P035,MERCEARIA SR. ROCHA,LATERAL DO IFRN,2,"738,98",0.15642086596719373
P035,P036,LATERAL DO IFRN,MID,2,"738,98",0.15548495148022265
P028,P113,ESTACAO VIA DIRETA,PN329,2,"745.1,745.2",0.1502389044874637
P113,P067,PN329,ESTACAO CARREFOUR,2,"745.1,745.2",0.1493029900004926
P036,P037,MID,IGREJA PENTECOSTAL DE JERUSALEM,2,"738,98",0.13201320132013203
P037,P038,IGREJA PENTECOSTAL DE JERUSALEM,STYLUS DECORACOES,2,"738,98",0.13107728683316094
P038,P039,STYLUS DECORACOES,PP2,2,"738,98",0.13014137234618986
P039,P040,PP2,MINISTERIO DO TRABALHO,2,"738,98",0.12920545785921878
P040,P041,MINISTERIO DO TRABALHO,NICOLE MODAS,2,"738,98",0.12826954337224766
P041,P042,NICOLE MODAS,BRADESCO ALECRIM,2,"738,98",0.12733362888527658
P042,P043,BRADESCO ALECRIM,RESTAURANTE COMA BEM,2,"738,98",0.1263977143983055
P036,P062,MID,CONDOMINIO PAIS DE GALE,2,"740,97",0.12592975715481997
P043,P044,RESTAURANTE COMA BEM,IGREJA CRISTA DAS NACOES,2,"738,98",0.1254617999113344
P044,P045,IGREJA CRISTA DAS NACOES,BAUDO,2,"738,98",0.12452588542436334
P045,P046,BAUDO,CIA,2,"738,98",0.12358997093739225
P162,P163,MANARA,CDA DISTRIBUIDORA,3,"745.2,97,98",0.11464952465395793
P163,P164,CDA DISTRIBUIDORA,MC DONALDS,3,"745.2,97,98",0.11371361016698685
P048,P104,RIBEIRA,PRACA PRACA JOAO TIBURCIO,2,"740,97",0.11181715186444018
P104,P105,PRACA PRACA JOAO TIBURCIO,BALDO,2,"740,97",0.11088123737746909
P105,P106,BALDO,CEMITERIO DO ALECRIM,2,"740,97",0.109945322890498
P106,P107,CEMITERIO DO ALECRIM,INSINUANTE ALECRIM,2,"740,97",0.10900940840352692
P107,P108,INSINUANTE ALECRIM,DEPOIS DO BRADESCO ALECRIM,2,"740,97",0.10807349391655584
P108,P109,DEPOIS DO BRADESCO ALECRIM,LAMPADINHA ALECRIM,2,"740,97",0.10713757942958475
P109,P110,LAMPADINHA ALECRIM,MARTELINHO DE OURO,2,"740,97",0.10620166494261367
P110,P111,MARTELINHO DE OURO,AROLDO AUTO PECAS,2,"740,97",0.10526575045564258
P111,P112,AROLDO AUTO PECAS,POSTO BR PROXIMO AO MID,2,"740,97",0.1043298359686715
P112,P036,POSTO BR PROXIMO AO MID,MID,2,"740,97",0.10339392148170042
P159,P028,IGREJA DE MIRASSOL,ESTACAO VIA DIRETA,1,745.2,0.0922122062952564
P067,P114,ESTACAO CARREFOUR,CIDADE JARDIM,1,745.1,0.08965075612038816
P158,P159,MERCADINHO SAO FRANCISCO E GINASIO,IGREJA DE MIRASSOL,1,745.2,0.08928131619132063
P157,P158,UFRN - NUPLAM,MERCADINHO SAO FRANCISCO E GINASIO,1,745.2,0.08630116743017585
P114,P115,CIDADE JARDIM,SANTANDER,1,745.1,0.0856361755578543
P156,P157,UFRN - ROTATORIA DO NEI,UFRN - NUPLAM,1,745.2,0.08327176001182209
P115,P116,SANTANDER,MAURICIO DE NASSAU,1,745.1,0.08157233633811142
P155,P156,UFRN - NUPLAM 2,UFRN - ROTATORIA DO NEI,1,745.2,0.0801930939362593
P116,P117,MAURICIO DE NASSAU,EXTRA,1,745.1,0.07745923846115955
P154,P155,UFRN - CENTRO DE BIOCIENCIA,UFRN - NUPLAM 2,1,745.2,0.07706516920348752
P087,P074,KERO KERO,DIVEP,3,"740,745.2,98",0.07526722821535885
P085,P086,CAMPO CERRADO,TERMINAL,2,"738,745.2",0.07410964977094725
P153,P154,UFRN - CIT,UFRN - CENTRO DE BIOCIENCIA,1,745.2,0.07388798581350672
P117,P118,EXTRA,SHOPPING SEEWAY,1,745.1,0.07329688192699867
P086,P087,TERMINAL,KERO KERO,1,738,0.07317373528397617
P084,P085,HAMBURGO STYLE,CAMPO CERRADO,2,"738,740",0.07152357026747451
P019,P020,ESPACO SALUTTE,KERO KERO,3,"738,740,745.1",0.07108024235259347
P152,P153,UFRN - LABORATORIO DE AUTOMACAO,UFRN - CIT,1,745.2,0.07066154376631693
P118,P119,SHOPPING SEEWAY,UNP,1,745.1,0.06908526673562879
P151,P152,BRADESCO,UFRN - LABORATORIO DE AUTOMACAO,1,745.2,0.06738584306191814
P074,P160,DIVEP,ESPACO REDUZIDO,2,"745.2,98",0.06502142751588592
P119,P120,UNP,TABUA DE CARNE,1,745.1,0.0648243928870499
P165,P184,OVERDOSE,CONDOMINIO COLINAS DAS PALMEIRAS,2,"97,98",0.06456578493670263
P161,P162,GRUPO CONRADO,MANARA,1,745.2,0.06418403034333284
P150,P151,DROGARIA GLOBO,BRADESCO,1,745.2,0.06406088370031034
P184,P185,CONDOMINIO COLINAS DAS PALMEIRAS,CDA,2,"97,98",0.06362987044973155
P185,P186,CDA,PROSSEGUIR AUTO ESCOLA,2,"97,98",0.06269395596276045
P149,P150,MAURICIO DE NASSAU,DROGARIA GLOBO,1,745.2,0.06068666568149352
P120,P121,TABUA DE CARNE,ESTACIO,1,745.1,0.06051426038126201
P032,P090,NORDESTAO,IFRN,2,"740,97",0.060169449780798974
P090,P091,IFRN,VILLA PARK,2,"740,97",0.05923353529382789
P164,P165,MC DONALDS,OVERDOSE,1,745.2,0.05902418600068962
P091,P092,VILLA PARK,BATALHAO 16,2,"740,97",0.058297620806856805
P092,P093,BATALHAO 16,IDEA DE MOVEIS,2,"740,97",0.05736170631988572
P148,P149,EXTRA,MAURICIO DE NASSAU,1,745.2,0.057263189005467716
P093,P094,IDEA DE MOVEIS,UNIVERSIDADE DA PICANHA,2,"740,97",0.056425791832914636
P121,P122,ESTACIO,PRAIA SHOPPING,1,745.1,0.05615486921826511
P048,P049,RIBEIRA,PRACA 7 DE SETEMBRO,2,"738,98",0.0560317225752426
P186,P187,PROSSEGUIR AUTO ESCOLA,ESPACO REDUZIDO,1,98,0.055748485296290826
P094,P095,UNIVERSIDADE DA PICANHA,BIENOVA,2,"740,97",0.05548987734594355
P016,P017,SHOPPING REIS MAGOS,CAIXA ECONOMICA,3,"738,740,745.1",0.05531747204571204
P049,P050,PRACA 7 DE SETEMBRO,ANTES DA JANNA BABYS,2,"738,98",0.05509580808827152
P095,P096,BIENOVA,CAMPO JUVENAL LAMARTINE,2,"740,97",0.05455396285897247
P050,P051,ANTES DA JANNA BABYS,PRACA CIVICA NILIO PECANHA,2,"738,98",0.054159893601300434
P147,P148,UNP,EXTRA,1,745.2,0.053790453672232896
P164,P189,MC DONALDS,OVERDOSE,2,"97,98",0.05375350967932614
P096,P097,CAMPO JUVENAL LAMARTINE,PREDIO VELHO,2,"740,97",0.05361804837200138
P051,P052,PRACA CIVICA NILIO PECANHA,CLINICA DE SANTA BEATRIZ,2,"738,98",0.05322397911432934
P097,P098,PREDIO VELHO,MERCADO PETROPOLIS,2,"740,97",0.0526821338850303
P160,P188,ESPACO REDUZIDO,BOTECO RESTAURANTE E PIZZARIA,2,"97,98",0.052337323284567264
P052,P053,CLINICA DE SANTA BEATRIZ,PRACA DAS FLORES,2,"738,98",0.05228806462735826
P015,P016,GRAMADO HALL MRV,SHOPPING REIS MAGOS,3,"738,740,745.1",0.05201714201270873
P098,P099,MERCADO PETROPOLIS,HARMONY MEDICAL CENTER,2,"740,97",0.051746219398059214
P122,P123,PRAIA SHOPPING,FEIRA DE ARTESANATO,1,745.1,0.051746219398059214
P074,P075,DIVEP,CAIXA ECONOMICA DA MARIA LACERDA,2,"738,740",0.05172159006945471
P188,P162,BOTECO RESTAURANTE E PIZZARIA,MANARA,2,"97,98",0.05140140879759618
P053,P054,PRACA DAS FLORES,FARMAFORMULA,2,"738,98",0.05135215014038717
P099,P100,HARMONY MEDICAL CENTER,PRACA CIVICA,2,"740,97",0.05081030491108812
P075,P076,CAIXA ECONOMICA DA MARIA LACERDA,RESTAURANTE TEMPERO DA MARIA,2,"738,740",0.050785675582483626
P054,P055,FARMAFORMULA,JUVENAL LAMARTINE,2,"738,98",0.05041623565341609
P146,P147,EM FRENTE DUNNAS SHOPPING,UNP,1,745.2,0.05026845968178908
P100,P101,PRACA CIVICA,HOSPITAL VARELA SANTIAGO,2,"740,97",0.04987439042411704
P076,P077,RESTAURANTE TEMPERO DA MARIA,EXTRA,2,"738,740",0.049849761095512535
P055,P056,JUVENAL LAMARTINE,FARMACIA PAGUE MENOS,2,"738,98",0.049480321166445004
P101,P102,HOSPITAL VARELA SANTIAGO,BANCO ITAU CIDADE,2,"740,97",0.04893847593714595
P077,P078,EXTRA,COLINAS DO SOL,2,"738,740",0.04891384660854145
P014,P015,RESTAURANTE CASA GRANDE,GRAMADO HALL MRV,3,"738,740,745.1",0.04866755332249643
P056,P057,FARMACIA PAGUE MENOS,ESPACO REDUZIDO,2,"738,98",0.04854440667947392
P102,P103,BANCO ITAU CIDADE,ARQUIVO TRIBUNAL DE JUSTICA,2,"740,97",0.04800256145017487
P078,P079,COLINAS DO SOL,CASA DO BOLO,2,"738,740",0.047977932121570366
P167,P182,IGREJA EVANGELICA CRISTA,PREFEITURA,2,"97,98",0.047842470814245606
P057,P058,ESPACO REDUZIDO,MARCATO,2,"738,98",0.047608492192502835
P123,P124,FEIRA DE ARTESANATO,BAR E PALESI,1,745.1,0.047288310920644304
P103,P046,ARQUIVO TRIBUNAL DE JUSTICA,CIA,2,"740,97",0.047066646963203784
P079,P080,CASA DO BOLO,CLAUDI MOVEIS,2,"738,740",0.04704201763459928
P182,P183,PREFEITURA,CONDOMINIO ARCO-IRIS,2,"97,98",0.04690655632727452
P145,P146,PRAIA SHOPPING,EM FRENTE DUNNAS SHOPPING,1,745.2,0.046697207034136254
P058,P059,MARCATO,FINAL DO AEROCLUBE,2,"738,98",0.04667257770553175
P080,P081,CLAUDI MOVEIS,ACAI BIRUTA,2,"738,740",0.0461061031476282
P183,P165,CONDOMINIO ARCO-IRIS,OVERDOSE,2,"97,98",0.04597064184030344
P059,P060,FINAL DO AEROCLUBE,ANTIGO COLEGIO BEREIANO,2,"738,98",0.045736663218560666
P013,P014,NORDESTAO,RESTAURANTE CASA GRANDE,3,"738,740,745.1",0.045268705975075124
P081,P082,ACAI BIRUTA,RESTAURANTE BOM PRECO,2,"738,740",0.04517018866065711
P191,P192,PREFEITURA,TROPICAL LANCHES,2,"97,98",0.04483769272449633
P060,P061,ANTIGO COLEGIO BEREIANO,FRENTE AO MID,2,"738,98",0.044800748731589575
P166,P167,CONDOMINIO ARCO IRIS,IGREJA EVANGELICA CRISTA,1,745.2,0.044665287424264816
P082,P083,RESTAURANTE BOM PRECO,LATERAL DE CEPE,2,"738,740",0.04423427417368603
P192,P193,TROPICAL LANCHES,IGREJA ASSEMBLEIA DE DEUS ABEL,2,"97,98",0.043901778237525245
P061,P062,FRENTE AO MID,CONDOMINIO PAIS DE GALE,2,"738,98",0.04386483424461849
P083,P084,LATERAL DE CEPE,HAMBURGO STYLE,2,"738,740",0.04329835968671494
P144,P145,CAMAROES,PRAIA SHOPPING,1,745.2,0.043076695729274424
P124,P125,BAR E PALESI,DECKY BAR,1,745.1,0.042781143786020395
P181,P167,MINA BELA COSMETICOS,IGREJA EVANGELICA CRISTA,2,"97,98",0.04241170385695286
P073,P074,ATACADAO,DIVEP,1,738,0.04241170385695286
P012,P013,RESTAURANTE BOM DE BOCA,NORDESTAO,3,"738,740,745.1",0.04182059997044481
P165,P166,OVERDOSE,CONDOMINIO ARCO IRIS,1,745.2,0.03949312841731935
P143,P144,BARI PALESI,CAMAROES,1,745.2,0.03940692576720359
P180,P181,IGREJA ASSEMBLEIA DE DEUS ABEL,MINA BELA COSMETICOS,2,"97,98",0.03918526180976307
P011,P012,MERCADINHO LJ,RESTAURANTE BOM DE BOCA,3,"738,740,745.1",0.038323235308605486
P167,P168,IGREJA EVANGELICA CRISTA,PONTUAL MATERIAL DE CONSTRUCAO,1,745.2,0.03829860598000099
P125,P126,DECKY BAR,CIGARREIRA ROTA DO SOL,1,745.1,0.03822471799418748
P168,P169,PONTUAL MATERIAL DE CONSTRUCAO,SHOPPING AYRTON SENNA,1,745.2,0.0373626914930299
P197,P161,VAREJAO VITORIA,GRUPO CONRADO,1,98,0.03735037682872765
P169,P170,SHOPPING AYRTON SENNA,KI PAO SERIDO,1,745.2,0.036426777006058814
P179,P180,REVISTARIA AYRTON SENNA,IGREJA ASSEMBLEIA DE DEUS ABEL,2,"97,98",0.035909561105364265
P189,P166,OVERDOSE,CONDOMINIO ARCO IRIS,1,98,0.03581104379094626
P089,P019,MARCO ZERO MARCO ACAI,ESPACO SALUTTE,2,"740,745.1",0.03579872912664401
P142,P143,DECKY,BARI PALESI,1,745.2,0.035687897147923746
P170,P171,KI PAO SERIDO,CONDOMINIO ITAMARATI,1,745.2,0.03549086251908773
P010,P011,BONSAI SUSHI,MERCADINHO LJ,3,"738,740,745.1",0.034776611989557164
P171,P172,CONDOMINIO ITAMARATI,ANTES DA ROTATORIA CIDADE VERDE,1,745.2,0.034554948032116645
P172,P084,ANTES DA ROTATORIA CIDADE VERDE,HAMBURGO STYLE,1,745.2,0.03361903354514556
P126,P127,CIGARREIRA ROTA DO SOL,POSTO SHELL,1,745.1,0.03361903354514556
P178,P179,ACQUA ESTETICA,REVISTARIA AYRTON SENNA,2,"97,98",0.032584601743756464
P018,P019,MARCO ZERO,ESPACO SALUTTE,1,738,0.032227476478991185
P141,P142,ROTA DO SOL,DECKY,1,745.2,0.031919609871434905
P009,P010,PITTS BURG,BONSAI SUSHI,3,"738,740,745.1",0.031180730013299837
P166,P191,CONDOMINIO ARCO IRIS,PREFEITURA,1,98,0.029702970297029705
P193,P201,IGREJA ASSEMBLEIA DE DEUS ABEL,PN312,1,98,0.02966602630412295
P017,P018,CAIXA ECONOMICA,MARCO ZERO,2,"738,740",0.029493621003891433
P017,P089,CAIXA ECONOMICA,MARCO ZERO MARCO ACAI,1,745.1,0.029074922417614897
P127,P128,POSTO SHELL,DOLCE AMORE,1,745.1,0.028964090438894637
P201,P202,PN312,PN313,1,98,0.028730111817151866
P140,P141,CHIC PIZZA,ROTA DO SOL,1,745.2,0.028102063937737058
P202,P197,PN313,VAREJAO VITORIA,1,98,0.02779419733018078
P008,P009,JOANINHA BABY,PITTS BURG,3,"738,740,745.1",0.027535589379833508
P128,P129,DOLCE AMORE,PN345,1,745.1,0.02425988867543471
P139,P140,MARITIMOS BAR,CHIC PIZZA,1,745.2,0.024235259346830205
P007,P008,LATERAL DO CEPE,JOANINHA BABY,3,"738,740,745.1",0.02384119008915817
P138,P139,ESTRELA DO ATLANTICO,MARITIMOS BAR,1,745.2,0.02031919609871435
P129,P130,PN345,ROTATORIA,1,745.1,0.019506428254765777
P175,P176,MARMITARIA DELICIAS QUENTINHAS,PN269,2,"97,98",0.018792177725235212
P189,P190,OVERDOSE,PN322,1,97,0.017006551401408797
P137,P138,FRASQUEIRAO,ESTRELA DO ATLANTICO,1,745.2,0.01635387419338949
P005,P007,IGREJA CRISTO NO BRASIL,LATERAL DO CEPE,1,740,0.016181468893157972
P190,P191,PN322,PREFEITURA,1,97,0.016070636914437712
P130,P131,ROTATORIA,SOLAR ENERGIAS RENOVAVEIS,1,745.1,0.014703709176887838
P177,P178,CONDOMINIO JARDIM DO SUL,ACQUA ESTETICA,1,97,0.01460519186246983
P200,P178,CONDOMINIO GOLDEN VALLEY,ACQUA ESTETICA,1,98,0.01460519186246983
P193,P194,IGREJA ASSEMBLEIA DE DEUS ABEL,ATRAS DO CONDOMINIO BERTIOGA,1,97,0.013299837446431212
P004,P005,BANCA PRATICA,IGREJA CRISTO NO BRASIL,3,"738,740,745.1",0.012462440273878134
P194,P195,ATRAS DO CONDOMINIO BERTIOGA,VIA DORO,1,97,0.012363922959460125
P136,P137,ROTATORIA PN,FRASQUEIRAO,1,745.2,0.012339293630855624
P195,P196,VIA DORO,RESIDENCIAL GOLDEN VALLEY,1,97,0.01142800847248904
P176,P177,PN269,CONDOMINIO JARDIM DO SUL,1,97,0.011157085857839515
P176,P200,PN269,CONDOMINIO GOLDEN VALLEY,1,98,0.011157085857839515
P196,P197,RESIDENCIAL GOLDEN VALLEY,VAREJAO VITORIA,1,97,0.010492093985517955
P131,P132,SOLAR ENERGIAS RENOVAVEIS,IGREJA PENTECOSTAL,1,745.1,0.009851731441800897
P003,P004,CONDOMINIO ITATIAIA,BANCA PRATICA,3,"738,740,745.1",0.00857100635436678
P135,P136,IGREJA PETENCOSTAL,ROTATORIA PN,1,745.2,0.008275454411112753
P174,P175,CONDOMINIO ITATIAIA,MARMITARIA DELICIAS QUENTINHAS,1,97,0.007733609181813704
P199,P175,GERBERA RECEPCOES,MARMITARIA DELICIAS QUENTINHAS,1,98,0.007487315895768682
P186,P161,PROSSEGUIR AUTO ESCOLA,GRUPO CONRADO,1,97,0.006009556179498547
P132,P133,IGREJA PENTECOSTAL,IGREJA GUERREIROS DA ORACAO,1,745.1,0.0049504950495049506
P084,P173,HAMBURGO STYLE,COLEGIO EXTENSIVO,1,745.2,0.004457908477414906
P065,P066,POSTO ALVARO 105 GOVERNADORIA,BANCO BRADESCO E ITAUBR,2,"738,98",0.004457908477414906
P001,P003,TERMINAL DE NOVA PARNAMIRIM,CONDOMINIO ITATIAIA,3,"745.1,97,98",0.00428550317718339
P002,P003,TERMINAL,CONDOMINIO ITATIAIA,2,"738,740",0.00428550317718339
P003,P174,CONDOMINIO ITATIAIA,CONDOMINIO ITATIAIA,2,"97,98",0.004211615191369884
P134,P135,TERMINAL,IGREJA PETENCOSTAL,1,745.2,0.004162356534160879
P006,P007,CEPE,LATERAL DO CEPE,2,"738,745.1",0.003916063248115857
P198,P199,MERCADINHO ALGAROBA,GERBERA RECEPCOES,1,98,0.003866804590906852
P088,P089,ESPACO SALLUTE,MARCO ZERO MARCO ACAI,1,740,0.0036205113048618297
P066,P067,BANCO BRADESCO E ITAUBR,ESTACAO CARREFOUR,2,"738,98",0.0035219939904438204
P173,P085,COLEGIO EXTENSIVO,CAMPO CERRADO,1,745.2,0.0035219939904438204
P073,P087,ATACADAO,KERO KERO,3,"740,745.2,98",0.0030294074183537757
P018,P088,MARCO ZERO,ESPACO SALLUTE,1,740,0.0004679572434855426
P174,P198,CONDOMINIO ITATIAIA,MERCADINHO ALGAROBA,1,98,0.00019703462883601794
P005,P006,IGREJA CRISTO NO BRASIL,CEPE,2,"738,745.1",0.00012314664302251122
P001,P002,TERMINAL DE NOVA PARNAMIRIM,TERMINAL,2,"738,740",2.4629328604502242e-05
