parada_id,nome,bairro,via,n_linhas,linhas,grau_total,forca_total,closeness_dir,closeness_nao_dir,betweenness_dir,betweenness_nao_dir,eigenvector_nao_dir,betweenness_dir_ponderada
P001,TERMINAL DE NOVA PARNAMIRIM,Nova Parnamirim,Rua Cupuaçu,5,"738,740,745.1,97,98",2,5,0.0,0.0398493259,0.0,0.0,6e-10,0.0
P002,TERMINAL,Parque dos Eucaliptos,Av. Gastão Mariz de Faria,2,"738,740",2,4,0.0049751244,0.0398493259,0.0,0.0,5e-10,0.0
P003,CONDOMINIO ITATIAIA,Parque dos Eucaliptos,Avenida Gastão Mariz de Faria,5,"738,740,745.1,97,98",4,10,0.0099502488,0.0414860681,0.0086069652,0.0394958541,1.7e-09,0.0086069652
P004,BANCA PRATICA,Nova Parnamirim,Avenida Gastão Mariz de Faria,3,"738,740,745.1",2,6,0.0089552239,0.040995309,0.0085820896,0.0198986022,4.3e-09,0.0095522388
P005,IGREJA CRISTO NO BRASIL,Nova Parnamirim,Nova Parnamirim,3,"738,740,745.1",3,6,0.0088446656,0.0411885246,0.0124875622,0.0210262971,1.21e-08,0.0134577114
P006,CEPE,Neopolis,Av Ayrton Senna,2,"738,745.1",2,4,0.0088841507,0.0407790627,0.0,0.0,1.69e-08,0.0086567164
P007,LATERAL DO CEPE,Nova Parnamirim,Avenida Maria Lacerda Montenegro,3,"738,740,745.1",3,6,0.0119402985,0.0421030582,0.0201492537,0.0315735608,6.95e-08,0.021119403
P008,JOANINHA BABY,Nova Parnamirim,Avenida Maria Lacerda Montenegro,3,"738,740,745.1",2,6,0.0110809588,0.0431515672,0.0239054726,0.0373778725,2.077e-07,0.0248756219
P009,PITTS BURG,Nova Parnamirim,Avenida Maria Lacerda Montenegro,3,"738,740,745.1",2,6,0.0106135987,0.0443904594,0.0276119403,0.0438040749,5.97e-07,0.0285820896
P010,BONSAI SUSHI,Nova Parnamirim,Avenida Maria Lacerda Montenegro,3,"738,740,745.1",2,6,0.0103329506,0.0458171871,0.0312686567,0.0508438759,1.7083e-06,0.032238806
P011,MERCADINHO LJ,Parque dos Eucaliptos,Av. Maria Lacerda Montenegro,3,"738,740,745.1",2,6,0.0101533151,0.0474392259,0.0348756219,0.0583563137,4.8855e-06,0.0358457711
P012,RESTAURANTE BOM DE BOCA,Parque dos Eucaliptos,Av. Maria Lacerda Montenegro,3,"738,740,745.1",2,6,0.0100331675,0.0492767835,0.0384328358,0.0661423833,1.39708e-05,0.0394029851
P013,NORDESTAO,Nova Parnamirim,Av Maria Lacerda Montenegro,3,"738,740,745.1",2,6,0.0099502488,0.0512624331,0.0419402985,0.0740030798,3.99508e-05,0.0429104478
P014,RESTAURANTE CASA GRANDE,Parque do Pitimbu,Av. Maria Lacerda Montenegro,3,"738,740,745.1",2,6,0.0098917179,0.0534148286,0.04539801,0.0818637764,0.0001142435,0.0463681592
P015,GRAMADO HALL MRV,Parque do Pitimbu,R. Gregório de Matos,3,"738,740,745.1",2,6,0.0098497412,0.0557558946,0.0488059701,0.0897244729,0.0003266907,0.0497761194
P016,SHOPPING REIS MAGOS,Nova Parnamirim,Avenida Maria Lacerda Montenegro,3,"738,740,745.1",2,6,0.0098193244,0.0583115753,0.0521641791,0.0976266288,0.0009342052,0.0531343284
P017,CAIXA ECONOMICA,Nova Parnamirim,Avenida Maria Lacerda Montenegro,3,"738,740,745.1",3,6,0.009797168,0.0611499848,0.0554726368,0.105610045,0.0026714544,0.0564427861
P018,MARCO ZERO,Nova Parnamirim,Avenida Maria Lacerda Montenegro,2,"738,740",3,4,0.0097810268,0.0642377756,0.0293656716,0.0607643923,0.0059832456,0.0298507463
P019,ESPACO SALUTTE,Nova Parnamirim,Rua Maria Dolores Costa,3,"738,740,745.1",3,6,0.0118455342,0.0676995621,0.0682089552,0.1373496802,0.0505042745,0.0691791045
P020,KERO KERO,Nova Parnamirim,Rodovia Governador Mário Covas,5,"738,740,745.1,97,98",3,10,0.0534393606,0.0715557138,0.287039801,0.2306838032,0.1527880425,0.2953482587
P021,ACAI,Pitimbu,Av. Sen. Salgado Filho,5,"738,740,745.1,97,98",2,10,0.0507441002,0.0723802665,0.2860945274,0.1648396904,0.2508627164,0.2944029851
P022,ATACADAO,Pitimbu,Av. Sen. Salgado Filho,5,"738,740,745.1,97,98",2,10,0.0483076615,0.0732240437,0.2851492537,0.1664317302,0.3302682385,0.2934577114
P023,MOTEL VISION,Candelária,Av. Sen. Salgado Filho,5,"738,740,745.1,97,98",2,10,0.0460944711,0.0740877258,0.2842039801,0.16802377,0.385095266,0.2925124378
P024,SAMS CLUB,Neópolis,Av. Sen. Salgado Filho,5,"738,740,745.1,97,98",2,10,0.0440751892,0.0749720254,0.2832587065,0.1696158098,0.4112635829,0.2915671642
P025,PASSARELA DE NEOPOLIS,Neópolis,Avenida Senador Salgado Filho,5,"738,740,745.1,97,98",2,10,0.0422254015,0.0758776897,0.2823134328,0.1712078496,0.4068257482,0.2906218905
P026,HYUNDAI,Candelária,Rodovia Governador Mário Covas,5,"738,740,745.1,97,98",2,10,0.040524627,0.0768055025,0.2813681592,0.172961581,0.3721120249,0.2896766169
P027,PG PRIME,Capim Macio,SEM NOME,5,"738,740,745.1,97,98",2,10,0.0389555568,0.0786077434,0.2804228856,0.1756274185,0.309705801,0.2887313433
P028,ESTACAO VIA DIRETA,Lagoa Nova,Avenida Senador Salgado Filho,6,"738,740,745.1,745.2,97,98",4,12,0.0426006403,0.0808527755,0.3726119403,0.3810834715,0.2242513349,0.380920398
P029,PASSARELA DE POTILANDIA,Lagoa Nova,Avenida Senador Salgado Filho,4,"738,740,97,98",2,8,0.0409831656,0.0766298132,0.2199253731,0.121775843,0.119342918,0.2199253731
P030,UNIVERSAL,Lagoa Nova,Avenida Senador Salgado Filho,4,"738,740,97,98",2,8,0.0394840237,0.0737614679,0.2189800995,0.1166763405,0.0630041157,0.2189800995
P031,PIZZARIA DONA MARIA,Lagoa Nova,Avenida Senador Salgado Filho,4,"738,740,97,98",2,8,0.038090687,0.0713778409,0.2180348259,0.1121489773,0.0323064296,0.2180348259
P032,NORDESTAO,Lagoa Nova,Avenida Senador Salgado Filho,4,"738,740,97,98",3,8,0.0367923363,0.0691434469,0.2170895522,0.119935047,0.014756661,0.2170895522
P033,CONDOMINIO MORRO BRANCO,Lagoa Nova,Avenida Antônio Basílio,2,"738,98",2,4,0.0355795786,0.066446281,0.1553731343,0.0243629077,0.003214486,0.1553731343
P034,MERCEARIA SR. ROCHA,Nova Descoberta,Rua Desembargador Antônio Cerejo,2,"738,98",2,4,0.0344442202,0.0653021442,0.1544278607,0.0226202322,0.0007177157,0.1544278607
P035,LATERAL DO IFRN,Lagoa Nova,Avenida Bernardo Vieira,2,"738,98",2,4,0.0333790804,0.0665783372,0.1534825871,0.0253220011,0.0002405618,0.1534825871
P036,MID,Lagoa Nova,Avenida Bernardo Vieira,4,"738,740,97,98",4,8,0.0412737528,0.069214876,0.2569651741,0.2124530127,0.000440337,0.2569651741
P037,IGREJA PENTECOSTAL DE JERUSALEM,Lagoa Seca,Avenida Presidente Bandeira,2,"738,98",2,4,0.0396665977,0.0653658537,0.1288308458,0.0928606965,9.58007e-05,0.1288308458
P038,STYLUS DECORACOES,Lagoa Seca,Avenida Presidente Bandeira,2,"738,98",2,4,0.0381799133,0.0620561902,0.1278855721,0.0846517413,2.08426e-05,0.1278855721
P039,PP2,Alecrim,Avenida Presidente Bandeira,2,"738,98",2,4,0.0368006434,0.0591350397,0.1269402985,0.0766915423,4.5346e-06,0.1269402985
P040,MINISTERIO DO TRABALHO,Alecrim,Avenida Presidente Bandeira,2,"738,98",2,4,0.0355175528,0.0565400844,0.1259950249,0.0689303483,9.865e-07,0.1259950249
P041,NICOLE MODAS,Alecrim,Avenida Presidente Bandeira,2,"738,98",2,4,0.0343209201,0.0542217426,0.1250497512,0.0613681592,2.146e-07,0.1250497512
P042,BRADESCO ALECRIM,Alecrim,Avenida Presidente Bandeira,2,"738,98",2,4,0.0332022917,0.0521400778,0.1241044776,0.0540049751,4.67e-08,0.1241044776
P043,RESTAURANTE COMA BEM,Alecrim,Avenida Coronel Estevam,2,"738,98",2,4,0.0321542809,0.0502625656,0.123159204,0.046840796,1.02e-08,0.123159204
P044,IGREJA CRISTA DAS NACOES,Alecrim,Rua Professor Luiz Soares,2,"738,98",2,4,0.0311704054,0.0485624547,0.1222139303,0.0398756219,2.2e-09,0.1222139303
P045,BAUDO,Quintas,Avenida Bernardo Viêira,2,"738,98",2,4,0.0302449526,0.0470175439,0.1212686567,0.0331094527,5e-10,0.1212686567
P046,CIA,Cidade Alta,Avenida Rio Branco,4,"738,740,97,98",3,8,0.0310990364,0.045609258,0.1678606965,0.0364676617,2e-10,0.1678606965
P047,AMERICANAS,Cidade Alta,Avenida Rio Branco,4,"738,740,97,98",2,8,0.0301777541,0.0440403155,0.1669154229,0.0149004975,1e-10,0.1669154229
P048,RIBEIRA,Ribeira,Velha,4,"738,740,97,98",3,8,0.0293094857,0.0455678984,0.1659701493,0.03,2e-10,0.1659701493
P049,PRACA 7 DE SETEMBRO,Cidade Alta,Rua Ulisses Caldas,2,"738,98",2,4,0.0286601107,0.043809939,0.0520895522,0.0113930348,0.0,0.0520895522
P050,ANTES DA JANNA BABYS,Tirol,Rua Mossoró,2,"738,98",2,4,0.0280388869,0.0435064935,0.0511442786,0.0098258706,0.0,0.0511442786
P051,PRACA CIVICA NILIO PECANHA,Petrópolis,Avenida Prudente de Morais,2,"738,98",2,4,0.0274440225,0.0446964643,0.050199005,0.0159452736,1e-10,0.050199005
P052,CLINICA DE SANTA BEATRIZ,Petrópolis,Rua Coronel Joaquim Manoel,2,"738,98",2,4,0.0268738746,0.0460692184,0.0492537313,0.0226119403,4e-10,0.0492537313
P053,PRACA DAS FLORES,Petrópolis,Rua Coronel Joaquim Manoel,2,"738,98",2,4,0.0263269342,0.0475739645,0.0483084577,0.0294776119,1.8e-09,0.0483084577
P054,FARMAFORMULA,Petrópolis,Avenida Hermes da Fonseca,2,"738,98",2,4,0.0258018125,0.0492285084,0.0473631841,0.0365422886,8.5e-09,0.0473631841
P055,JUVENAL LAMARTINE,Tirol,Avenida Hermes da Fonseca,2,"738,98",2,4,0.0252972295,0.0510541021,0.0464179104,0.0438059701,3.89e-08,0.0464179104
P056,FARMACIA PAGUE MENOS,Tirol,Avenida Hermes da Fonseca,2,"738,98",2,4,0.0248120033,0.0530763137,0.0454726368,0.0512686567,1.79e-07,0.0454726368
P057,ESPACO REDUZIDO,Tirol,Avenida Hermes da Fonseca,2,"738,98",2,4,0.024345041,0.0553261767,0.0445273632,0.0589303483,8.226e-07,0.0445273632
P058,MARCATO,Tirol,Avenida Hermes da Fonseca,2,"738,98",2,4,0.0238953306,0.0578417266,0.0435820896,0.0667910448,3.781e-06,0.0435820896
P059,FINAL DO AEROCLUBE,Tirol,Avenida Hermes da Fonseca,2,"738,98",2,4,0.0234619332,0.0606700875,0.0426368159,0.0748507463,1.73788e-05,0.0426368159
P060,ANTIGO COLEGIO BEREIANO,Tirol,Avenida Hermes da Fonseca,2,"738,98",2,4,0.0230439771,0.0639516386,0.0416915423,0.0832835821,7.98795e-05,0.0416915423
P061,FRENTE AO MID,Tirol,Avenida Senador Salgado Filho,2,"738,98",2,4,0.0226406514,0.0677451972,0.0407462687,0.092039801,0.0003671573,0.0407462687
P062,CONDOMINIO PAIS DE GALE,Lagoa Nova,Avenida Senador Salgado Filho,4,"738,740,97,98",3,8,0.0440871111,0.0720430108,0.1669900498,0.2892689331,0.0016875975,0.1669900498
P063,PORTUGAL CENTER,Lagoa Nova,Avenida Senador Salgado Filho,4,"738,740,97,98",2,8,0.0423570815,0.0744720267,0.1660447761,0.2800898286,0.0036582583,0.1660447761
P064,DOM GURMET,Lagoa Nova,Avenida Senador Salgado Filho,4,"738,740,97,98",2,8,0.0407577019,0.0770705521,0.1650995025,0.2846171918,0.0071177398,0.1650995025
P065,POSTO ALVARO 105 GOVERNADORIA,Lagoa Nova,Avenida Senador Salgado Filho,4,"738,740,97,98",3,8,0.0392747108,0.0801755086,0.1641542289,0.2896669431,0.0134739652,0.1641542289
P066,BANCO BRADESCO E ITAUBR,Candelária,Avenida Senador Salgado Filho,2,"738,98",2,4,0.0379046627,0.0787926303,0.0,0.0,0.0110254615,0.0
P067,ESTACAO CARREFOUR,Lagoa Nova,Avenida Senador Salgado Filho,6,"738,740,745.1,745.2,97,98",5,12,0.0556280033,0.0839248434,0.3130597015,0.5176229961,0.0396020607,0.3213681592
P068,ANTIGA SALINAS,Candelária,Avenida Senador Salgado Filho,5,"738,740,745.2,97,98",2,10,0.0527134702,0.0828182942,0.2215671642,0.319936429,0.0437013861,0.2298756219
P069,POSTO BR NOVO HORIZONTE,Candelária,Av. Sen. Salgado Filho,5,"738,740,745.2,97,98",2,10,0.0500891364,0.0817405449,0.2206218905,0.3183443892,0.0445484634,0.2289303483
P070,PASSARELA NEOPOLIS SENTIDO PARANAMIRIM,Candelária,Av. Sen. Salgado Filho,5,"738,740,745.2,97,98",2,10,0.0477137148,0.0806904857,0.2196766169,0.3167523494,0.0420802531,0.2279850746
P071,SAMS CLUB SENTIDO PARNAMIRIM,Candelária,Av. Dão Silveira,5,"738,740,745.2,97,98",2,10,0.0455533957,0.079667063,0.2187313433,0.3151603096,0.0364804391,0.227039801
P072,CAR BOX,Candelária,Av. Sen. Salgado Filho,5,"738,740,745.2,97,98",2,10,0.0435802272,0.0786692759,0.2177860697,0.3135682698,0.0281657582,0.2260945274
P073,ATACADAO,Pitimbu,Av. Sen. Salgado Filho,5,"738,740,745.2,97,98",4,10,0.0417708995,0.0776961732,0.216840796,0.3213602742,0.0177549875,0.2251492537
P074,DIVEP,Nova Parnamirim,Av Abel Cabral,4,"738,740,745.2,98",4,8,0.0493909242,0.0745272525,0.1143532338,0.0637039132,0.0050416683,0.1134825871
P075,CAIXA ECONOMICA DA MARIA LACERDA,Nova Parnamirim,Av Maria Lacerda Montenegro,2,"738,740",2,4,0.0469982842,0.0696707106,0.0477363184,0.0449666351,0.0010968761,0.0480348259
P076,RESTAURANTE TEMPERO DA MARIA,Nova Parnamirim,Av Maria Lacerda Montenegro,2,"738,740",2,4,0.0448267464,0.0654083957,0.0467910448,0.0356134012,0.0002386389,0.0470895522
P077,EXTRA,Nova Parnamirim,Av Maria Lacerda Montenegro,2,"738,740",2,4,0.0428470162,0.0616375345,0.0458457711,0.0263667772,5.19197e-05,0.0461442786
P078,COLINAS DO SOL,Nova Parnamirim,Av Maria Lacerda Montenegro,2,"738,740",2,4,0.0410347557,0.0584642234,0.0449004975,0.0175513306,1.12999e-05,0.045199005
P079,CASA DO BOLO,Nova Parnamirim,Av Maria Lacerda Montenegro,2,"738,740",2,4,0.0393695772,0.0561452514,0.0439552239,0.0098619995,2.4773e-06,0.0442537313
P080,CLAUDI MOVEIS,Nova Parnamirim,Av Maria Lacerda Montenegro,2,"738,740",2,4,0.0378342734,0.0541487069,0.0430099502,0.0032630498,6.255e-07,0.0433084577
P081,ACAI BIRUTA,Nova Parnamirim,Av Maria Lacerda Montenegro,2,"738,740",2,4,0.0364142202,0.0540904198,0.0420646766,0.0041875938,5.341e-07,0.0423631841
P082,RESTAURANTE BOM PRECO,Nova Parnamirim,Avenida Maria Lacerda Montenegro,2,"738,740",2,4,0.0350969099,0.0569727891,0.041119403,0.0129438127,1.9454e-06,0.0414179104
P083,LATERAL DE CEPE,Nova Parnamirim,Av Maria Lacerda Montenegro,2,"738,740",2,4,0.0338715814,0.0601796407,0.0401741294,0.0222970465,8.8309e-06,0.0404726368
P084,HAMBURGO STYLE,Parque dos Eucaliptos,Avenida Gastão Mariz de Faria,3,"738,740,745.2",4,6,0.037348774,0.0637690355,0.0731840796,0.0637109054,4.05662e-05,0.0651741294
P085,CAMPO CERRADO,Parque dos Eucaliptos,Avenida Gastão Mariz de Faria,3,"738,740,745.2",3,5,0.0360757082,0.0663366337,0.0712935323,0.0677608146,0.0001732203,0.0632835821
P086,TERMINAL,Parque dos Eucaliptos,Av. Gastão Mariz de Faria,2,"738,745.2",2,3,0.034782341,0.0693581781,0.0703482587,0.0744029743,0.0007822052,0.0623383085
P087,KERO KERO,Candelaria,Av Sen. Salgado Filho,4,"738,740,745.2,98",3,7,0.050073748,0.0729317852,0.0724626866,0.0821672722,0.0071845537,0.1144278607
P088,ESPACO SALLUTE,Clube do Pitimbu,Avenida Abel Cabral,1,740,2,2,0.0097693351,0.0604147881,2.48756e-05,1.65837e-05,0.0017589127,2.48756e-05
P089,MARCO ZERO MARCO ACAI,Nova Parnamirim,Rua Maria Dolores Costa,2,"740,745.1",3,4,0.011973466,0.0642377756,0.0325497512,0.0607643923,0.0109513918,0.0330348259
P090,IFRN,Tirol,Avenida Senador Salgado Filho,2,"740,97",2,4,0.0357591158,0.0652809354,0.0562686567,0.0934825871,0.0032104904,0.0562686567
P091,VILLA PARK,Tirol,Rua Nossa Senhora de Lourdes,2,"740,97",2,4,0.034782341,0.0619032953,0.0553233831,0.0851492537,0.0006984811,0.0553233831
P092,BATALHAO 16,Tirol,Avenida Hermes da Fonseca,2,"740,97",2,4,0.0338575093,0.0589615723,0.0543781095,0.0770895522,0.000151963,0.0543781095
P093,IDEA DE MOVEIS,Tirol,Avenida Hermes da Fonseca,2,"740,97",2,4,0.0329805847,0.0563498738,0.0534328358,0.0692288557,3.30614e-05,0.0534328358
P094,UNIVERSIDADE DA PICANHA,Tirol,Avenida Hermes da Fonseca,2,"740,97",2,4,0.0321479388,0.0540177372,0.0524875622,0.0615671642,7.1929e-06,0.0524875622
P095,BIENOVA,Tirol,Avenida Hermes da Fonseca,2,"740,97",2,4,0.0313563005,0.0519245673,0.0515422886,0.0541044776,1.5649e-06,0.0515422886
P096,CAMPO JUVENAL LAMARTINE,Tirol,Avenida Hermes da Fonseca,2,"740,97",2,4,0.0306027131,0.0500373413,0.0505970149,0.046840796,3.405e-07,0.0505970149
P097,PREDIO VELHO,Petrópolis,Avenida Hermes da Fonseca,2,"740,97",2,4,0.0298844976,0.0483289252,0.0496517413,0.0397761194,7.41e-08,0.0496517413
P098,MERCADO PETROPOLIS,Petrópolis,Avenida Hermes da Fonseca,2,"740,97",2,4,0.0291992207,0.046776821,0.0487064677,0.0329104478,1.61e-08,0.0487064677
P099,HARMONY MEDICAL CENTER,Petrópolis,Rua Coronel Joaquim Manoel,2,"740,97",2,4,0.0285446672,0.0453622207,0.047761194,0.0262437811,3.5e-09,0.047761194
P100,PRACA CIVICA,Petrópolis,Rua Traíri,2,"740,97",2,4,0.0279188163,0.0441176471,0.0468159204,0.0200248756,8e-10,0.0468159204
P101,HOSPITAL VARELA SANTIAGO,Cidade Alta,Avenida Deodoro da Fonseca,2,"740,97",2,4,0.0273198206,0.0430222603,0.0458706468,0.0156716418,2e-10,0.0458706468
P102,BANCO ITAU CIDADE,Cidade Alta,Avenida Deodoro da Fonseca,2,"740,97",2,4,0.0267459878,0.0433283035,0.0449253731,0.015721393,0.0,0.0449253731
P103,ARQUIVO TRIBUNAL DE JUSTICA,Cidade Alta,Rua Apodi,2,"740,97",2,4,0.026195765,0.0439152283,0.0439800995,0.020199005,0.0,0.0439800995
P104,PRACA PRACA JOAO TIBURCIO,Cidade Alta,Rua Padre João Manoel,2,"740,97",2,4,0.0284897832,0.046973592,0.1084328358,0.0276865672,5e-10,0.1084328358
P105,BALDO,Cidade Alta,R Pe. Pinto,2,"740,97",2,4,0.0277146828,0.0485155684,0.1074875622,0.0344527363,2.2e-09,0.1074875622
P106,CEMITERIO DO ALECRIM,Alecrim,Avenida Fonseca E Silva,2,"740,97",2,4,0.0269806406,0.0502123407,0.1065422886,0.0414179104,1.02e-08,0.1065422886
P107,INSINUANTE ALECRIM,Alecrim,Rua Amaro Barreto,2,"740,97",2,4,0.0262844783,0.0520860327,0.1055970149,0.0485820896,4.67e-08,0.1055970149
P108,DEPOIS DO BRADESCO ALECRIM,Alecrim,Avenida Presidente Bandeira,2,"740,97",2,4,0.0256233375,0.0541632983,0.1046517413,0.0559452736,2.146e-07,0.1046517413
P109,LAMPADINHA ALECRIM,Alecrim,Avenida Presidente Bandeira,2,"740,97",2,4,0.0249946404,0.0564765384,0.1037064677,0.0635074627,9.865e-07,0.1037064677
P110,MARTELINHO DE OURO,Lagoa Seca,Avenida Presidente Bandeira,2,"740,97",2,4,0.0243960559,0.0590655304,0.102761194,0.0712686567,4.5346e-06,0.102761194
P111,AROLDO AUTO PECAS,Lagoa Seca,Avenida Presidente Bandeira,2,"740,97",2,4,0.0238254714,0.0619796485,0.1018159204,0.0792288557,2.08426e-05,0.1018159204
P112,POSTO BR PROXIMO AO MID,Lagoa Nova,Avenida Bernardo Vieira,2,"740,97",2,4,0.023280967,0.0652809354,0.1008706468,0.0874875622,9.58007e-05,0.1008706468
P113,PN329,Lagoa Nova,Av. João Medeiros - Lagoa Nova,2,"745.1,745.2",2,4,0.0408701228,0.0818737271,0.147238806,0.2289759536,0.0548101595,0.1555472637
P114,CIDADE JARDIM,Capim Macio,R. Leôncio Etelvino de Medeiros,1,745.1,2,2,0.0529550192,0.0786077434,0.0860199005,0.172039801,0.0041586175,0.0860199005
P115,SANTANDER,Capim Macio,R. Leôncio Etelvino de Medeiros,1,745.1,2,2,0.0505650805,0.0738699008,0.0819402985,0.163880597,0.000436697,0.0819402985
P116,MAURICIO DE NASSAU,Capim Macio,Av. Eng. Roberto Freire,1,745.1,2,2,0.0484155823,0.0696224454,0.0778109453,0.1556218905,4.58576e-05,0.0778109453
P117,EXTRA,Capim Macio,Av. Eng. Roberto Freire,1,745.1,2,2,0.0464720611,0.0657937807,0.0736318408,0.1472636816,4.8155e-06,0.0736318408
P118,SHOPPING SEEWAY,Capim Macio,Av. Eng. Roberto Freire,1,745.1,2,2,0.0447063384,0.0623255814,0.0694029851,0.1388059701,5.057e-07,0.0694029851
P119,UNP,Capim Macio,Avenida Engenheiro Roberto Freire,1,745.1,2,2,0.0430951509,0.0591698558,0.0651243781,0.1302487562,5.31e-08,0.0651243781
P120,TABUA DE CARNE,Capim Macio,Avenida Engenheiro Roberto Freire,1,745.1,2,2,0.0416191233,0.0562867544,0.0607960199,0.1215920398,5.6e-09,0.0607960199
P121,ESTACIO,Capim Macio,Avenida Engenheiro Roberto Freire,1,745.1,2,2,0.0402619887,0.0536429143,0.0564179104,0.1128358209,6e-10,0.0564179104
P122,PRAIA SHOPPING,Capim Macio,Avenida Engenheiro Roberto Freire,1,745.1,2,2,0.0390099892,0.0512101911,0.0519900498,0.1039800995,1e-10,0.0519900498
P123,FEIRA DE ARTESANATO,Ponta Negra,Av. Eng. Roberto Freire,1,745.1,2,2,0.0378514103,0.0489646772,0.0475124378,0.0950248756,0.0,0.0475124378
P124,BAR E PALESI,Ponta Negra,Avenida Engenheiro Roberto Freire,1,745.1,2,2,0.0367762152,0.0468859342,0.0429850746,0.0859701493,0.0,0.0429850746
P125,DECKY BAR,Ponta Negra,RN-063,1,745.1,2,2,0.0357757544,0.0449563856,0.0384079602,0.0768159204,0.0,0.0384079602
P126,CIGARREIRA ROTA DO SOL,Ponta Negra,Av. Praia de Pirangi,1,745.1,2,2,0.0348425346,0.0431608332,0.0337810945,0.0675621891,0.0,0.0337810945
P127,POSTO SHELL,Ponta Negra,Av. Praia de Pirangi,1,745.1,2,2,0.0339700313,0.0414860681,0.0291044776,0.0582089552,0.0,0.0291044776
P128,DOLCE AMORE,Ponta Negra,Avenida Praia de Pirangi,1,745.1,2,2,0.0331525374,0.0399205561,0.0243781095,0.0487562189,0.0,0.0243781095
P129,PN345,Ponta Negra,Avenida Praia de Pirangi,1,745.1,2,2,0.0323850389,0.0384541802,0.01960199,0.0392039801,0.0,0.01960199
P130,ROTATORIA,Ponta Negra,Avenida Praia de Pirangi,1,745.1,2,2,0.031663113,0.0370780299,0.0147761194,0.0295522388,0.0,0.0147761194
P131,SOLAR ENERGIAS RENOVAVEIS,Ponta Negra,Rua Alfredo Dias de Figueiredo,1,745.1,2,2,0.0309828433,0.0357842265,0.0099004975,0.019800995,0.0,0.0099004975
P132,IGREJA PENTECOSTAL,Ponta Negra,Rua Alfredo Dias de Figueiredo,1,745.1,2,2,0.0303407494,0.0345657782,0.0049751244,0.0099502488,0.0,0.0049751244
P133,IGREJA GUERREIROS DA ORACAO,Nova Parnamirim,Rua Angelim,1,745.1,1,1,0.0297337278,0.0334164589,0.0,0.0,0.0,0.0
P134,TERMINAL,Nova Parnamirim,Avenida Gastão Mariz de Faria,1,745.2,1,1,0.0,0.0285673678,0.0,0.0,0.0,0.0
P135,IGREJA PETENCOSTAL,Ponta Negra,R. Alfredo Dias de Figueiredo,1,745.2,2,2,0.0049751244,0.0294031597,0.0041791045,0.0099502488,0.0,0.0041791045
P136,ROTATORIA PN,Ponta Negra,Av. Praia de Pirangi,1,745.2,2,2,0.0066334992,0.0302802049,0.0083084577,0.019800995,0.0,0.0083084577
P137,FRASQUEIRAO,Ponta Negra,Av. Praia de Pirangi,1,745.2,2,2,0.0074626866,0.0312014902,0.0123880597,0.0295522388,0.0,0.0123880597
P138,ESTRELA DO ATLANTICO,Ponta Negra,Av. Praia de Pirangi,1,745.2,2,2,0.007960199,0.0321702945,0.0164179104,0.0392039801,0.0,0.0164179104
P139,MARITIMOS BAR,Ponta Negra,Av. Praia de Pirangi,1,745.2,2,2,0.008291874,0.0331902246,0.02039801,0.0487562189,0.0,0.02039801
P140,CHIC PIZZA,Ponta Negra,Av. Praia de Pirangi,1,745.2,2,2,0.0085287846,0.0342652574,0.0243283582,0.0582089552,0.0,0.0243283582
P141,ROTA DO SOL,Ponta Negra,Av. Praia de Pirangi,1,745.2,2,2,0.0087064677,0.0353997887,0.0282089552,0.0675621891,0.0,0.0282089552
P142,DECKY,Ponta Negra,Av. Eng. Roberto Freire,1,745.2,2,2,0.0088446656,0.036598689,0.032039801,0.0768159204,0.0,0.032039801
P143,BARI PALESI,Ponta Negra,Av. Eng. Roberto Freire,1,745.2,2,2,0.0089552239,0.03786737,0.0358208955,0.0859701493,0.0,0.0358208955
P144,CAMAROES,Ponta Negra,Av. Eng. Roberto Freire,1,745.2,2,2,0.0090456807,0.0392118611,0.0395522388,0.0950248756,0.0,0.0395522388
P145,PRAIA SHOPPING,Capim Macio,Avenida Engenheiro Roberto Freire,1,745.2,2,2,0.0091210614,0.0406389001,0.0432338308,0.1039800995,0.0,0.0432338308
P146,EM FRENTE DUNNAS SHOPPING,Capim Macio,Av. Eng. Roberto Freire,1,745.2,2,2,0.009184845,0.0421560403,0.0468656716,0.1128358209,0.0,0.0468656716
P147,UNP,Capim Macio,Av. Eng. Roberto Freire,1,745.2,2,2,0.0092395167,0.043771777,0.0504477612,0.1215920398,0.0,0.0504477612
P148,EXTRA,Capim Macio,Av. Eng. Roberto Freire,1,745.2,2,2,0.0092868988,0.0454956994,0.0539800995,0.1302487562,0.0,0.0539800995
P149,MAURICIO DE NASSAU,Parque das Dunas,Av. Eng. Roberto Freire,1,745.2,2,2,0.0093283582,0.0473386717,0.0574626866,0.1388059701,0.0,0.0574626866
P150,DROGARIA GLOBO,Parque das Dunas,Av. Eng. Roberto Freire,1,745.2,2,2,0.00936494,0.049313052,0.0608955224,0.1472636816,0.0,0.0608955224
P151,BRADESCO,Capim Macio,R. Leôncio Etelvino de Medeiros,1,745.2,2,2,0.0093974572,0.051432958,0.064278607,0.1556218905,3e-10,0.064278607
P152,UFRN - LABORATORIO DE AUTOMACAO,Lagoa Nova,Av. Contorno do Campos,1,745.2,2,2,0.0094265515,0.0537145911,0.0676119403,0.163880597,3.3e-09,0.0676119403
P153,UFRN - CIT,Lagoa Nova,Av. Contorno do Campos,1,745.2,2,2,0.0094527363,0.056176635,0.0708955224,0.172039801,3.16e-08,0.0708955224
P154,UFRN - CENTRO DE BIOCIENCIA,Lagoa Nova,Av. Passeio dos Girassóis,1,745.2,2,2,0.0094764274,0.0588407494,0.0741293532,0.1800995025,3.007e-07,0.0741293532
P155,UFRN - NUPLAM 2,Lagoa Nova,Av. Passeio dos Girassóis,1,745.2,2,2,0.0094979647,0.0617321867,0.0773134328,0.1880597015,2.8635e-06,0.0773134328
P156,UFRN - ROTATORIA DO NEI,Lagoa Nova,Av. Passeio dos Girassóis,1,745.2,2,2,0.0095176292,0.0648805681,0.0804477612,0.195920398,2.72684e-05,0.0804477612
P157,UFRN - NUPLAM,Lagoa Nova,Av. Passeio dos Girassóis,1,745.2,2,2,0.0095356551,0.0683208702,0.0835323383,0.203681592,0.0002596741,0.0835323383
P158,MERCADINHO SAO FRANCISCO E GINASIO,Capim Macio,Av. Santos Dumont,1,745.2,2,2,0.0095522388,0.0720946915,0.0865671642,0.2113432836,0.002472848,0.0865671642
P159,IGREJA DE MIRASSOL,Capim Macio,Av. Santos Dumont,1,745.2,2,2,0.0095675469,0.0762518968,0.0895522388,0.2189054726,0.0235486616,0.0895522388
P160,ESPACO REDUZIDO,Nova Parnamirim,Av Abel Cabral,3,"745.2,97,98",4,6,0.0487848099,0.0758490566,0.2356716418,0.2389180135,0.0035191412,0.2356716418
P161,GRUPO CONRADO,Parque do Pitimbu,R. Padre Miguel,3,"745.2,97,98",5,5,0.0523410564,0.0738970588,0.225659204,0.213490378,0.0042888786,0.1734328358
P162,MANARA,Parque do Pitimbu,R. dos Juritis,3,"745.2,97,98",3,6,0.0496920883,0.0702551555,0.112238806,0.1015018003,0.0007044756,0.1071393035
P163,CDA DISTRIBUIDORA,Parque do Pitimbu,Av. Abel Cabral,3,"745.2,97,98",2,6,0.0471887811,0.0670894526,0.1112935323,0.0939006394,0.0002463342,0.1061940299
P164,MC DONALDS,Parque do Pitimbu,Av. Abel Cabral,3,"745.2,97,98",3,6,0.0449255925,0.064340589,0.1103482587,0.0877812364,8.60849e-05,0.1052487562
P165,OVERDOSE,Nova Parnamirim,Av Abel Cabral,3,"745.2,97,98",4,6,0.0446303532,0.0632871537,0.1015422886,0.1178609272,5.20343e-05,0.0723134328
P166,CONDOMINIO ARCO IRIS,Parque do Pitimbu,Av. Abel Cabral,2,"745.2,98",4,4,0.042622921,0.0610942249,0.0715547264,0.1423238398,7.6269e-06,0.0592412935
P167,IGREJA EVANGELICA CRISTA,Nova Parnamirim,Av Abel Cabral,3,"745.2,97,98",4,6,0.0414627448,0.0588235294,0.0834452736,0.1452169574,1.4238e-06,0.0782587065
P168,PONTUAL MATERIAL DE CONSTRUCAO,Parque dos Eucaliptos,Av. Abel Cabral,1,745.2,2,2,0.03980221,0.0560356844,0.0341791045,0.0216188656,1.5e-07,0.0258706468
P169,SHOPPING AYRTON SENNA,Parque dos Eucaliptos,Av. Abel Cabral,1,745.2,2,2,0.0382695585,0.056413135,0.0332338308,0.0196809362,2.06e-08,0.0249253731
P170,KI PAO SERIDO,Parque dos Eucaliptos,Avenida Ayrton Senna,1,745.2,2,2,0.0368505652,0.0575271895,0.0322885572,0.0231395953,4.86e-08,0.0239800995
P171,CONDOMINIO ITAMARATI,Parque dos Eucaliptos,Avenida Ayrton Senna,1,745.2,2,2,0.035533039,0.0591176471,0.0313432836,0.0278278208,4.475e-07,0.0230348259
P172,ANTES DA ROTATORIA CIDADE VERDE,Parque dos Eucaliptos,Avenida Ayrton Senna,1,745.2,2,2,0.0343064723,0.0612804878,0.03039801,0.0338477213,4.2599e-06,0.0220895522
P173,COLEGIO EXTENSIVO,Parque dos Eucaliptos,Av. Gastão Mariz de Faria,1,745.2,2,2,0.0359722025,0.0629896584,0.0,0.0,2.22049e-05,0.0
P174,CONDOMINIO ITATIAIA,Parque Dos Eucaliptos,Praca,2,"97,98",3,4,0.0089552239,0.0429028815,0.0041791045,0.0462324094,4e-10,0.0032089552
P175,MARMITARIA DELICIAS QUENTINHAS,Nordeste,R Araca,2,"97,98",3,4,0.0149253731,0.0444002651,0.0152238806,0.0660458422,1e-10,0.0142537313
P176,PN269,Nova Parnamirim,R Adail Pamplona De Menezes,2,"97,98",3,4,0.0128305839,0.0460270208,0.0188059701,0.073535892,1e-10,0.0178358209
P177,CONDOMINIO JARDIM DO SUL,Nova Parnamirim,R Adail Pamplona De Menezes,1,97,2,2,0.0117928874,0.0477548111,0.0110696517,0.040241412,3e-10,0.0105845771
P178,ACQUA ESTETICA,Nova Parnamirim,R Adail Pamplona De Menezes,2,"97,98",3,4,0.0134462821,0.0496418869,0.0292537313,0.0973153281,3.1e-09,0.0282835821
P179,REVISTARIA AYRTON SENNA,Nova Parnamirim,R Adail Pamplona De Menezes,2,"97,98",2,4,0.0125414594,0.0516576715,0.0326368159,0.105151149,1.46e-08,0.0316666667
P180,IGREJA ASSEMBLEIA DE DEUS ABEL,Nova Parnamirim,Av Abel Cabral,2,"97,98",2,4,0.0119402985,0.0538440932,0.0359701493,0.1130118455,6.74e-08,0.035
P181,MINA BELA COSMETICOS,Nova Parnamirim,Av Abel Cabral,2,"97,98",2,4,0.0115177537,0.0562237762,0.0392537313,0.1208725421,3.098e-07,0.0382835821
P182,PREFEITURA,Nova Parnamirim,Av Abel Cabral,2,"97,98",2,4,0.0396762536,0.0580589255,0.043818408,0.001641791,2.6557e-06,0.0469402985
P183,CONDOMINIO ARCO-IRIS,Nova Parnamirim,Av Abel Cabral,2,"97,98",2,4,0.0380373512,0.0601616283,0.0428731343,0.0076451078,1.13607e-05,0.0459950249
P184,CONDOMINIO COLINAS DAS PALMEIRAS,Nova Parnamirim,Av Abel Cabral,2,"97,98",2,4,0.0426006403,0.0656005222,0.0607089552,0.0825218661,0.0001922738,0.0660696517
P185,CDA,Nova Parnamirim,Av Abel Cabral,2,"97,98",2,4,0.0407475124,0.068483816,0.0597636816,0.0888941712,0.0008735622,0.0651243781
P186,PROSSEGUIR AUTO ESCOLA,Nova Parnamirim,Av Abel Cabral,2,"97,98",3,4,0.0390488859,0.0718370264,0.058818408,0.0957556969,0.0040130113,0.0641791045
P187,ESPACO REDUZIDO,Nova Parnamirim,Avenida Abel Cabral,2,"97,98",3,4,0.0501353583,0.0729847495,0.2161940299,0.1524701098,0.0326008726,0.2235323383
P188,BOTECO RESTAURANTE E PIZZARIA,Nova Parnamirim,Av Abel Cabral,2,"97,98",2,4,0.046502154,0.0719656284,0.048358209,0.0477169035,0.0008773702,0.0964427861
P189,OVERDOSE,Nova Parnamirim,Av Abel Cabral,2,"97,98",3,4,0.042914705,0.0618842365,0.0497885572,0.0417627155,1.889e-05,0.077039801
P190,PN322,Nova Parnamirim,Av Abel Cabral,1,97,2,2,0.0410761214,0.0585493737,0.0126741294,0.0013596885,2.0745e-06,0.0176492537
P191,PREFEITURA,Nova Parnamirim,Av Abel Cabral,2,"97,98",3,4,0.0409317051,0.0578917051,0.0417288557,0.0120240464,1.0828e-06,0.0386069652
P192,TROPICAL LANCHES,Nova Parnamirim,Av Abel Cabral,2,"97,98",2,4,0.0392557923,0.0586176728,0.0407835821,0.0097905408,3.619e-07,0.0376616915
P193,IGREJA ASSEMBLEIA DE DEUS ABEL,Nova Parnamirim,Av Abel Cabral,2,"97,98",3,4,0.0377117191,0.0607067351,0.0398383085,0.0158510714,6.596e-07,0.0367164179
P194,ATRAS DO CONDOMINIO BERTIOGA,Nova Parnamirim,R Adail Pamplona De Menezes,1,97,2,2,0.0362925962,0.0600717274,0.0089303483,0.0028524046,5.908e-07,0.0089303483
P195,VIA DORO,Nova Parnamirim,R Adail Pamplona De Menezes,1,97,2,2,0.0349764055,0.0625,0.0079850746,0.0093200663,5.0284e-06,0.0079850746
P196,RESIDENCIAL GOLDEN VALLEY,Nova Parnamirim,R Adail Pamplona De Menezes,1,97,2,2,0.03375234,0.0653446034,0.007039801,0.016318408,4.78221e-05,0.007039801
P197,VAREJAO VITORIA,Nova Parnamirim,R Adail Pamplona De Menezes,2,"97,98",3,3,0.0339845808,0.069214876,0.0341666667,0.0570409554,0.0004553976,0.0310447761
P198,MERCADINHO ALGAROBA,Nova Parnamirim,R Da Algaroba,1,98,2,2,0.0088446656,0.0411632193,9.95025e-05,0.0004850746,0.0,9.95025e-05
P199,GERBERA RECEPCOES,Nova Parnamirim,R Algarobas,1,98,2,2,0.0088841507,0.0425396825,0.0037810945,0.0044444444,0.0,0.0037810945
P200,CONDOMINIO GOLDEN VALLEY,Nova Parnamirim,R Adail Pamplona De Menezes,1,98,2,2,0.0117928874,0.0477548111,0.0110696517,0.040241412,3e-10,0.0105845771
P201,PN312,Nova Parnamirim,R Adail Pamplona De Menezes,1,98,2,2,0.0362845169,0.0631083203,0.025460199,0.0176462622,5.0356e-06,0.0223383085
P202,PN313,Nova Parnamirim,R Adail Pamplona De Menezes,1,98,2,2,0.0349614006,0.0658800393,0.0245149254,0.0243751179,4.78228e-05,0.0213930348
