k_removidos,betweenness (estático) | alcancabilidade,betweenness (estático) | gcc,betweenness (adaptativo) | alcancabilidade,betweenness (adaptativo) | gcc,grau (estático) | alcancabilidade,grau (estático) | gcc,aleatório (média de 100) | alcancabilidade,aleatório (média de 100) | gcc
0,1.0,1.0,1.0,1.0,1.0,1.0,1.0,1.0
1,0.4310306365258775,0.8706467661691543,0.4310306365258775,0.8706467661691543,0.5200401546698393,0.900497512437811,0.8827227096966087,0.983532338308458
2,0.241337001784652,0.46,0.241337001784652,0.46,0.46735574063057705,0.9,0.8081272308149914,0.97195
3,0.21609161213563355,0.4221105527638191,0.1828896490184414,0.457286432160804,0.214418500892326,0.457286432160804,0.7114823765615708,0.9453266331658287
4,0.2158685306365259,0.42424242424242425,0.13466686496133254,0.4595959595959596,0.2051977989292088,0.4444444444444444,0.6460592653182629,0.9216161616161608
5,0.21568262938726948,0.4263959390862944,0.11938578227245687,0.45685279187817257,0.1931885782272457,0.41624365482233505,0.5942426383105296,0.9073604060913708
6,0.21553390838786438,0.42857142857142855,0.08767102914931588,0.45408163265306123,0.16597263533610945,0.41836734693877553,0.5303398274836406,0.890357142857143
7,0.21542236763831052,0.4307692307692308,0.07581052944675788,0.3076923076923077,0.11908834027364663,0.4153846153846154,0.469888459250446,0.8607692307692301
8,0.21534800713860797,0.4329896907216495,0.06562314098750743,0.25257731958762886,0.1122471743010113,0.34536082474226804,0.4196687239738249,0.841443298969072
9,0.2153108268887567,0.43523316062176165,0.05829863176680547,0.16580310880829016,0.11087150505651398,0.34196891191709844,0.37976018738845935,0.8114507772020731
10,0.2153108268887567,0.4375,0.051569006543723976,0.16666666666666666,0.09440065437239738,0.3125,0.3446847114812611,0.7928645833333335
11,0.18809488399762048,0.4397905759162304,0.04710737656157049,0.1518324607329843,0.08908387864366449,0.31413612565445026,0.3149319601427722,0.770523560209424
12,0.1542236763831053,0.4368421052631579,0.04305472932778108,0.15263157894736842,0.08856335514574658,0.3157894736842105,0.2757952855443189,0.7470526315789472
13,0.12886674598453302,0.43386243386243384,0.03900208209399167,0.15343915343915343,0.08175936942296252,0.31746031746031744,0.2499386525877455,0.7166137566137565
14,0.12812314098750743,0.4308510638297872,0.03569303985722784,0.15425531914893617,0.07465794170136823,0.28191489361702127,0.22060975609756092,0.6857978723404256
15,0.12741671624033313,0.42780748663101603,0.0329417013682332,0.11229946524064172,0.04792534205829863,0.15508021390374332,0.2015180696014276,0.6570053475935828
16,0.12555770374776917,0.43010752688172044,0.03059934562760262,0.11290322580645161,0.04588042831647829,0.13978494623655913,0.1884994051160023,0.6469354838709678
17,0.12488845925044616,0.42702702702702705,0.028554431885782272,0.0972972972972973,0.043314991076740035,0.14054054054054055,0.17138013087447948,0.6183783783783783
18,0.12306662700773349,0.42934782608695654,0.02676977989292088,0.09782608695652174,0.04312908982748364,0.14130434782608695,0.16256952706722191,0.6079347826086956
19,0.12243456276026175,0.4262295081967213,0.02524538964901844,0.09836065573770492,0.043017549077929804,0.14207650273224043,0.15214158239143372,0.5895081967213117
20,0.12064991076740035,0.42857142857142855,0.023944080904223678,0.0989010989010989,0.041790600832837595,0.14285714285714285,0.1384793277810828,0.5679670329670332
