grupo,k_paradas,dano,perda_eficiencia,n_wcc,gcc_frac,dano_janela_media,pct_vs_janelas,dano_aleatorio_medio,pct_vs_aleatorio
via: av sen salgado filho,24,0.8116104107360715,0.47473128091700667,7,0.43820224719101125,0.5762995655476779,92.80000000000001,0.8713347705519513,11.0
bairro: lagoa nova,21,0.7585415006795707,0.41972759049187736,7,0.5082872928176796,0.5247268162040303,94.6,0.8457159811019688,7.199999999999999
tronco completo (peso>=5),16,0.7494533527696793,0.41751931605153836,5,0.41935483870967744,0.43511006473941494,96.39999999999999,0.7701055696628523,33.4
bairro: candelaria,9,0.6656826875103942,0.3944026543540914,3,0.5699481865284974,0.2698556052650736,96.2,0.5838305544102924,69.19999999999999
bairro: capim macio,17,0.5820543093270366,0.3174843018407236,5,0.8378378378378378,0.46344738752980325,74.0,0.7937464084597343,2.1999999999999997
"tronco (peso>=5), parte 1 [ida]",9,0.5680608681190753,0.3053258533172999,2,0.8652849740932642,0.30064365949606825,92.80000000000001,0.5977305706405138,38.0
via: av abel cabral,24,0.5078117225594587,0.3046164081484133,2,0.9550561797752809,0.5576654954028529,25.0,0.8695882666388273,0.0
bairro: nova parnamirim,56,0.4996209249431387,0.2809077777735247,8,0.8972602739726028,0.7678416671115568,0.0,0.960630549334044,0.0
"tronco (peso>=5), parte 2 [volta]",7,0.46209971625456014,0.2687208117778549,2,0.8974358974358975,0.24230502985294938,83.39999999999999,0.5090909085689821,37.4
bairro: cidade alta,8,0.23390804597701154,0.10642510315464526,2,0.9948453608247423,0.27543218341887515,51.4,0.5612238029518744,1.4000000000000001
bairro: petropolis,8,0.11531198686371102,0.05225392620978664,1,1.0,0.26144162854969555,40.8,0.560387462942196,0.0
via: av eng roberto freire,18,0.11193557907163032,0.0528424690461049,3,0.907608695652174,0.4792703117776091,7.199999999999999,0.807476546975425,0.0
bairro: tirol,15,0.10734514069945156,0.05398993555128162,2,0.9786096256684492,0.4238812126576255,14.2,0.7652082831783912,0.0
bairro: parque dos eucaliptos,14,0.1005156854318866,0.06645597848186025,3,0.9574468085106383,0.39002612692393723,17.599999999999998,0.7373982491249423,0.0
via: av gastao mariz de faria,8,0.08289241622574961,0.0616051566947583,2,0.9948453608247423,0.27235979252856546,36.199999999999996,0.5464409903954494,0.0
via: av hermes da fonseca,14,0.08171413361724778,0.037491037558184614,1,1.0,0.39890158376244905,14.399999999999999,0.7361014097258252,0.0
bairro: alecrim,10,0.05032426513939192,0.03304434204241424,1,1.0,0.3034078614157347,20.599999999999998,0.6323449616256741,0.0
via: av presidente bandeira,10,0.05015581571633121,0.03537243515297128,1,1.0,0.3054510333912574,18.8,0.6284618791361406,0.0
via: rua adail pamplona de menezes,11,0.045713342685040015,0.034244354204920446,1,1.0,0.34034539245009965,17.2,0.6634216312187879,0.0
via: av praia de pirangi,11,0.034975132360019257,0.016639401317462554,3,0.9738219895287958,0.3343286952167696,14.399999999999999,0.6674950764122852,0.0
via: av maria lacerda montenegro,20,0.025310240157128794,0.014729305329792775,2,0.9945054945054945,0.5096789065557531,2.6,0.8340200290006357,0.0
bairro: ponta negra,20,0.014068245959120818,0.006036133270772348,3,0.989010989010989,0.4929711401978423,3.2,0.832162071714333,0.0
