parada_id,nome,bairro,n_linhas,dano,perda_eficiencia,alcancabilidade_restante,n_wcc,gcc_frac,betweenness_dir,grau_total
P028,ESTACAO VIA DIRETA,Lagoa Nova,6,0.5637136835766973,0.3179253776043953,0.4310306365258775,2,0.8706467661691543,0.3726119403,4
P067,ESTACAO CARREFOUR,Lagoa Nova,6,0.4736188469065181,0.28875340184159126,0.5200401546698393,2,0.900497512437811,0.3130597015,5
P020,KERO KERO,Nova Parnamirim,5,0.4342541020623213,0.23961213004529702,0.5589306960142773,1,1.0,0.287039801,3
P021,ACAI,Pitimbu,5,0.4328240252897787,0.23514874055396728,0.5603435455086259,1,1.0,0.2860945274,2
P022,ATACADAO,Pitimbu,5,0.4313939485172362,0.23186161978369968,0.5617563950029745,1,1.0,0.2851492537,2
P023,MOTEL VISION,Candelária,5,0.42996387174469364,0.22946146307792903,0.563169244497323,1,1.0,0.2842039801,2
P024,SAMS CLUB,Neópolis,5,0.42853379497215116,0.2278190353221603,0.5645820939916716,1,1.0,0.2832587065,2
P025,PASSARELA DE NEOPOLIS,Neópolis,5,0.4271037181996086,0.2268765459202875,0.5659949434860202,1,1.0,0.2823134328,2
P026,HYUNDAI,Candelária,5,0.4256736414270661,0.22662607579869043,0.5674077929803688,1,1.0,0.2813681592,2
P027,PG PRIME,Capim Macio,5,0.4242435646545235,0.22711418371095626,0.5688206424747174,1,1.0,0.2804228856,2
P160,ESPACO REDUZIDO,Nova Parnamirim,3,0.35654071955441824,0.21177363380110203,0.6357079119571684,1,1.0,0.2356716418,4
P068,ANTIGA SALINAS,Candelária,5,0.33520246876411264,0.193561159676091,0.6567891136228435,1,1.0,0.2215671642,2
P069,POSTO BR NOVO HORIZONTE,Candelária,5,0.33377239199157005,0.19101486260436307,0.6582019631171921,1,1.0,0.2206218905,2
P029,PASSARELA DE POTILANDIA,Lagoa Nova,4,0.3327186512118019,0.16924920571443525,0.659243010113028,1,1.0,0.2199253731,2
P070,PASSARELA NEOPOLIS SENTIDO PARANAMIRIM,Candelária,5,0.3323423152190276,0.18928753889409522,0.6596148126115408,1,1.0,0.2196766169,2
P030,UNIVERSAL,Lagoa Nova,4,0.3312885744392594,0.16822417978195792,0.6606558596073766,1,1.0,0.2189800995,2
P071,SAMS CLUB SENTIDO PARNAMIRIM,Candelária,5,0.330912238446485,0.18832562294254518,0.6610276621058894,1,1.0,0.2187313433,2
P031,PIZZARIA DONA MARIA,Lagoa Nova,4,0.3298584976667168,0.16784982860452524,0.6620687091017252,1,1.0,0.2180348259,2
P072,CAR BOX,Candelária,5,0.3294821616739425,0.18817497285171692,0.662440511600238,1,1.0,0.2177860697,2
P032,NORDESTAO,Lagoa Nova,4,0.32842842089417434,0.1682014539718455,0.6634815585960737,1,1.0,0.2170895522,3
P073,ATACADAO,Pitimbu,5,0.3280520849013999,0.18905567612871954,0.6638533610945866,1,1.0,0.216840796,4
P187,ESPACO REDUZIDO,Nova Parnamirim,2,0.32707361132018664,0.1812619162408905,0.6648200475907198,1,1.0,0.2161940299,3
P046,CIA,Cidade Alta,4,0.25395152792413067,0.12426050754534679,0.737061273051755,1,1.0,0.1678606965,3
P062,CONDOMINIO PAIS DE GALE,Lagoa Nova,4,0.2526343519494204,0.14685420753346756,0.7383625817965497,1,1.0,0.1669900498,3
P047,AMERICANAS,Cidade Alta,4,0.2525214511515881,0.12351114635142446,0.7384741225461036,1,1.0,0.1669154229,2
P063,PORTUGAL CENTER,Lagoa Nova,4,0.25120427517687793,0.14474040958208467,0.7397754312908983,1,1.0,0.1660447761,2
P048,RIBEIRA,Ribeira,4,0.2510913743790456,0.12348423355704796,0.7398869720404521,1,1.0,0.1659701493,3
P064,DOM GURMET,Lagoa Nova,4,0.24977419840433535,0.14348637109747642,0.7411882807852469,1,1.0,0.1650995025,2
P065,POSTO ALVARO 105 GOVERNADORIA,Lagoa Nova,4,0.24834412163179287,0.14304393046433816,0.7426011302795955,1,1.0,0.1641542289,3
P162,MANARA,Parque do Pitimbu,3,0.16028149932259517,0.12225862511988594,0.8296029149315883,1,1.0,0.112238806,3
P163,CDA DISTRIBUIDORA,Parque do Pitimbu,3,0.1588514225500527,0.11962332333652936,0.8310157644259369,1,1.0,0.1112935323,2
P164,MC DONALDS,Parque do Pitimbu,3,0.1574213457775102,0.11844293275566564,0.8324286139202856,1,1.0,0.1103482587,3
P074,DIVEP,Nova Parnamirim,4,0.15166340508806264,0.11173223404809274,0.8381171921475312,1,1.0,0.1143532338,4
P159,IGREJA DE MIRASSOL,Capim Macio,1,0.13469525199236732,0.08276916410230162,0.8598676383105295,2,0.8756218905472637,0.0895522388,2
P158,MERCADINHO SAO FRANCISCO E GINASIO,Capim Macio,1,0.13020541025928833,0.07800125081893017,0.864329268292683,2,0.8805970149253731,0.0865671642,2
P114,CIDADE JARDIM,Capim Macio,1,0.1295373665480427,0.0837237239591685,0.8639574657941701,2,0.9054726368159204,0.0860199005,2
P157,UFRN - NUPLAM,Lagoa Nova,1,0.1256407378306581,0.07361302512449885,0.868865258774539,2,0.8855721393034826,0.0835323383,2
P115,SANTANDER,Capim Macio,1,0.12339389398763811,0.07768763258148914,0.8700550267697799,2,0.9104477611940298,0.0819402985,2
P156,UFRN - ROTATORIA DO NEI,Lagoa Nova,1,0.12100123470647661,0.06951462963711463,0.8734756097560976,2,0.8905472636815921,0.0804477612,2
P036,MID,Lagoa Nova,4,0.11820713533042304,0.10493042010615927,0.8711704342653183,1,1.0,0.2569651741,4
P116,MAURICIO DE NASSAU,Capim Macio,1,0.1171755010301555,0.07212055166039277,0.8762269482450922,2,0.9154228855721394,0.0778109453,2
P155,UFRN - NUPLAM 2,Lagoa Nova,1,0.11628690088674376,0.06564719591774826,0.8781603212373588,2,0.8955223880597015,0.0773134328,2
P154,UFRN - CENTRO DE BIOCIENCIA,Lagoa Nova,1,0.11149773637145954,0.06196841928566499,0.8829193932183225,2,0.900497512437811,0.0741293532,2
P117,EXTRA,Capim Macio,1,0.11088218767559466,0.06690543006073713,0.882473230220107,2,0.9203980099502488,0.0736318408,2
P153,UFRN - CIT,Lagoa Nova,1,0.10663374116062407,0.05844609858430927,0.8877528256989887,2,0.9054726368159204,0.0708955224,2
P118,SHOPPING SEEWAY,Capim Macio,1,0.1045139539239558,0.06196830037374379,0.8887938726948245,2,0.9253731343283582,0.0694029851,2
P167,IGREJA EVANGELICA CRISTA,Nova Parnamirim,3,0.10330423001655875,0.08562200290820576,0.8858938132064248,1,1.0,0.0834452736,4
P152,UFRN - LABORATORIO DE AUTOMACAO,Lagoa Nova,1,0.10169491525423724,0.05505470718047156,0.8926606186793575,2,0.9104477611940298,0.0676119403,2
P119,UNP,Capim Macio,1,0.0980707997752388,0.057256858664448074,0.8951888756692445,2,0.9303482587064676,0.0651243781,2
P151,BRADESCO,Capim Macio,1,0.09668125865229915,0.05177336454474668,0.8976427721594289,2,0.9154228855721394,0.064278607,2
P087,KERO KERO,Candelaria,4,0.09212705103116059,0.07097273877071919,0.8969363474122546,1,1.0,0.0724626866,3
P084,HAMBURGO STYLE,Parque dos Eucaliptos,3,0.09171308143910883,0.07039771755182889,0.8973453301606187,1,1.0,0.0731840796,4
P150,DROGARIA GLOBO,Parque das Dunas,1,0.0915927713548097,0.048584539682569594,0.9026992861392028,2,0.9203980099502488,0.0608955224,2
P019,ESPACO SALUTTE,Nova Parnamirim,3,0.09157563968277715,0.05383485995103088,0.9028851873884592,1,1.0,0.0682089552,3
P120,TABUA DE CARNE,Capim Macio,1,0.09155272522944369,0.05273145733636042,0.9016582391433671,2,0.9353233830845771,0.0607960199,2
P085,CAMPO CERRADO,Parque dos Eucaliptos,3,0.08885292789402377,0.06813997413719164,0.9001710291493159,1,1.0,0.0712935323,3
P086,TERMINAL,Parque dos Eucaliptos,2,0.0874228511214813,0.06749683334342405,0.9015838786436645,1,1.0,0.0703482587,2
P149,MAURICIO DE NASSAU,Parque das Dunas,1,0.086429453361769,0.045473170553838815,0.9078301606186794,2,0.9253731343283582,0.0574626866,2
P090,IFRN,Tirol,2,0.08512720156555775,0.047795617212069375,0.9038518738845925,1,1.0,0.0562686567,2
P121,ESTACIO,Capim Macio,1,0.08495973028657056,0.04836051463166591,0.9082019631171921,2,0.9402985074626866,0.0564179104,2
P091,VILLA PARK,Tirol,2,0.08369712479301517,0.045965436726471576,0.9052647233789411,1,1.0,0.0553233831,2
P092,BATALHAO 16,Tirol,2,0.08226704802047269,0.04433527242533064,0.9066775728732898,1,1.0,0.0543781095,2
P148,EXTRA,Capim Macio,1,0.08119130467317692,0.04242603403255263,0.9130353955978584,2,0.9303482587064676,0.0539800995,2
P093,IDEA DE MOVEIS,Tirol,2,0.0808369712479301,0.04289049185784655,0.9080904223676383,1,1.0,0.0534328358,2
P094,UNIVERSIDADE DA PICANHA,Tirol,2,0.07940689447538762,0.041620142856819475,0.9095032718619869,1,1.0,0.0524875622,2
P049,PRACA 7 DE SETEMBRO,Cidade Alta,2,0.07880475688694866,0.03962373291324839,0.9100981558596074,1,1.0,0.0520895522,2
P122,PRAIA SHOPPING,Capim Macio,1,0.07829181494661919,0.04411785771534149,0.9148200475907198,2,0.945273631840796,0.0519900498,2
P095,BIENOVA,Tirol,2,0.07797681770284515,0.04051617965571641,0.9109161213563355,1,1.0,0.0515422886,2
P050,ANTES DA JANNA BABYS,Tirol,2,0.07737468011440618,0.038539057925152886,0.911511005353956,1,1.0,0.0511442786,2
P096,CAMPO JUVENAL LAMARTINE,Tirol,2,0.07654674093030256,0.03957300616821002,0.9123289708506841,1,1.0,0.0505970149,2
P051,PRACA CIVICA NILIO PECANHA,Petrópolis,2,0.07594460334186359,0.03764415660407261,0.9129238548483046,1,1.0,0.050199005,2
P147,UNP,Capim Macio,1,0.0758783252890336,0.03943127216195541,0.9183149910767401,2,0.9353233830845771,0.0504477612,2
P097,PREDIO VELHO,Petrópolis,2,0.07511666415776008,0.0387872329900073,0.9137418203450327,1,1.0,0.0496517413,2
P052,CLINICA DE SANTA BEATRIZ,Petrópolis,2,0.07451452656932112,0.03692202117502108,0.9143367043426531,1,1.0,0.0492537313,2
P098,MERCADO PETROPOLIS,Petrópolis,2,0.0736865873852175,0.03815760429026149,0.9151546698393813,1,1.0,0.0487064677,2
P053,PRACA DAS FLORES,Petrópolis,2,0.07308444979677853,0.0363619125077661,0.9157495538370017,1,1.0,0.0483084577,2
P017,CAIXA ECONOMICA,Nova Parnamirim,3,0.0724225647164447,0.04211430453463427,0.921921475312314,1,1.0,0.0554726368,3
P099,HARMONY MEDICAL CENTER,Petrópolis,2,0.07225651061267502,0.03768509006182508,0.9165675193337299,1,1.0,0.047761194,2
P054,FARMAFORMULA,Petrópolis,2,0.07165437302423605,0.035957356337501856,0.9171624033313504,1,1.0,0.0473631841,2
P123,FEIRA DE ARTESANATO,Ponta Negra,1,0.0715489792095898,0.03998102576933038,0.9215124925639501,2,0.9502487562189055,0.0475124378,2
P100,PRACA CIVICA,Petrópolis,2,0.07082643384013243,0.03737317774018367,0.9179803688280785,1,1.0,0.0468159204,2
P146,EM FRENTE DUNNAS SHOPPING,Capim Macio,1,0.07049051520933891,0.03647801665500561,0.9236689470553242,2,0.9402985074626866,0.0468656716,2
P055,JUVENAL LAMARTINE,Tirol,2,0.07022429625169346,0.035705115395037845,0.918575252825699,1,1.0,0.0464179104,2
P101,HOSPITAL VARELA SANTIAGO,Cidade Alta,2,0.06939635706758995,0.03722845413948128,0.9193932183224272,1,1.0,0.0458706468,2
P056,FARMACIA PAGUE MENOS,Tirol,2,0.06879421947915099,0.035604677152366704,0.9199881023200476,1,1.0,0.0454726368,2
P102,BANCO ITAU CIDADE,Cidade Alta,2,0.06796628029504737,0.03726168001597263,0.9208060678167758,1,1.0,0.0449253731,2
P016,SHOPPING REIS MAGOS,Nova Parnamirim,3,0.06744725422714348,0.038805489330428045,0.9268664485425342,1,1.0,0.0521641791,2
P057,ESPACO REDUZIDO,Tirol,2,0.06736414270660851,0.035658065931795324,0.9214009518143962,1,1.0,0.0445273632,2
P103,ARQUIVO TRIBUNAL DE JUSTICA,Cidade Alta,2,0.06653620352250489,0.037489821272098434,0.9222189173111244,1,1.0,0.0439800995,2
P058,MARCATO,Tirol,2,0.06593406593406592,0.03586990933876588,0.9228138013087448,1,1.0,0.0435820896,2
P145,PRAIA SHOPPING,Capim Macio,1,0.06502787443409286,0.03355607259546434,0.929097263533611,2,0.945273631840796,0.0432338308,2
P124,BAR E PALESI,Ponta Negra,1,0.06473122307548229,0.03593008416637644,0.9282792980368828,2,0.9552238805970149,0.0429850746,2
P059,FINAL DO AEROCLUBE,Tirol,2,0.06450398916152345,0.03624776388283335,0.9242266508030934,1,1.0,0.0426368159,2
P060,ANTIGO COLEGIO BEREIANO,Tirol,2,0.06307391238898086,0.036802780251185996,0.925639500297442,1,1.0,0.0416915423,2
P015,GRAMADO HALL MRV,Parque do Pitimbu,3,0.062397127038754996,0.03569760505455488,0.9318857822724569,1,1.0,0.0488059701,2
P061,FRENTE AO MID,Tirol,2,0.06164383561643838,0.03755091215438844,0.9270523497917906,1,1.0,0.0407462687,2
P144,CAMAROES,Ponta Negra,1,0.05949040296329555,0.030655631814481943,0.9345999405116002,2,0.9502487562189055,0.0395522388,2
P191,PREFEITURA,Nova Parnamirim,2,0.058407346078579,0.044869541301885696,0.9302498512790006,1,1.0,0.0417288557,3
P125,DECKY BAR,Ponta Negra,1,0.057838546544296654,0.03194671094424417,0.9351204640095181,2,0.9601990049751243,0.0384079602,2
P014,RESTAURANTE CASA GRANDE,Parque do Pitimbu,3,0.057272183151279354,0.03270918218747121,0.9369794765020821,1,1.0,0.04539801,2
P192,TROPICAL LANCHES,Nova Parnamirim,2,0.056977269306036415,0.04309327634549809,0.9316627007733492,1,1.0,0.0407835821,2
P193,IGREJA ASSEMBLEIA DE DEUS ABEL,Nova Parnamirim,2,0.05554719253349394,0.04218027976333438,0.9330755502676978,1,1.0,0.0398383085,3
P143,BARI PALESI,Ponta Negra,1,0.05387810079694688,0.02776698968552127,0.9401769779892921,2,0.9552238805970149,0.0358208955,2
P181,MINA BELA COSMETICOS,Nova Parnamirim,2,0.05385392123864019,0.0416466762260167,0.9406231409875074,1,1.0,0.0392537313,2
P037,IGREJA PENTECOSTAL DE JERUSALEM,Lagoa Seca,2,0.05313864217973807,0.041843493704140866,0.9354550862581796,1,1.0,0.1288308458,2
P075,CAIXA ECONOMICA DA MARIA LACERDA,Nova Parnamirim,2,0.05313864217973807,0.04148275712348681,0.9354550862581796,1,1.0,0.0477363184,2
P104,PRACA PRACA JOAO TIBURCIO,Cidade Alta,2,0.05313864217973807,0.03604215819698653,0.9354550862581796,1,1.0,0.1084328358,2
P013,NORDESTAO,Nova Parnamirim,3,0.05207242256471645,0.02980270154505682,0.9421475312314099,1,1.0,0.0419402985,2
P161,GRUPO CONRADO,Parque do Pitimbu,3,0.05197200060213758,0.07606897815487612,0.9366076740035693,1,1.0,0.225659204,5
P038,STYLUS DECORACOES,Lagoa Seca,2,0.051708565407195595,0.03953495188355394,0.9368679357525282,1,1.0,0.1278855721,2
P076,RESTAURANTE TEMPERO DA MARIA,Nova Parnamirim,2,0.051708565407195595,0.03846450120112643,0.9368679357525282,1,1.0,0.0467910448,2
P105,BALDO,Cidade Alta,2,0.051708565407195595,0.03559595122863535,0.9368679357525282,1,1.0,0.1074875622,2
P126,CIGARREIRA ROTA DO SOL,Ponta Negra,1,0.050870949616033,0.02801340464484403,0.942035990481856,2,0.9651741293532339,0.0337810945,2
P039,PP2,Alecrim,2,0.05027848863465301,0.0375897641365075,0.9382807852468769,1,1.0,0.1269402985,2
P106,CEMITERIO DO ALECRIM,Alecrim,2,0.05027848863465301,0.03542316034480142,0.9382807852468769,1,1.0,0.1065422886,2
P077,EXTRA,Nova Parnamirim,2,0.05027848863465301,0.035955776862684474,0.9382807852468769,1,1.0,0.0458457711,2
P166,CONDOMINIO ARCO IRIS,Parque do Pitimbu,2,0.04930001505343973,0.04721618622895418,0.9392474717430102,1,1.0,0.0715547264,4
P180,IGREJA ASSEMBLEIA DE DEUS ABEL,Nova Parnamirim,2,0.04891731179176484,0.03775554731035169,0.9455309339678762,1,1.0,0.0359701493,2
P078,COLINAS DO SOL,Nova Parnamirim,2,0.04884841186211053,0.03388862121693437,0.9396936347412255,1,1.0,0.0449004975,2
P107,INSINUANTE ALECRIM,Alecrim,2,0.04884841186211053,0.035516304885265026,0.9396936347412255,1,1.0,0.1055970149,2
P040,MINISTERIO DO TRABALHO,Alecrim,2,0.04884841186211053,0.035956259043441574,0.9396936347412255,1,1.0,0.1259950249,2
P142,DECKY,Ponta Negra,1,0.04819096793504696,0.024880236845251202,0.9458283759666865,2,0.9601990049751243,0.032039801,2
P079,CASA DO BOLO,Nova Parnamirim,2,0.04741833508956794,0.03222349826004267,0.9411064842355741,1,1.0,0.0439552239,2
P041,NICOLE MODAS,Alecrim,2,0.04741833508956794,0.03460536764637823,0.9411064842355741,1,1.0,0.1250497512,2
P108,DEPOIS DO BRADESCO ALECRIM,Alecrim,2,0.04741833508956794,0.03587702308280338,0.9411064842355741,1,1.0,0.1046517413,2
P197,VAREJAO VITORIA,Nova Parnamirim,2,0.046966731898238745,0.04076286499949511,0.9415526472337894,1,1.0,0.0341666667,3
P012,RESTAURANTE BOM DE BOCA,Parque dos Eucaliptos,3,0.046797845279066275,0.026955985230322832,0.9473899464604402,1,1.0,0.0384328358,2
P080,CLAUDI MOVEIS,Nova Parnamirim,2,0.045988258317025466,0.030938154254934513,0.9425193337299227,1,1.0,0.0430099502,2
P109,LAMPADINHA ALECRIM,Alecrim,2,0.045988258317025466,0.036515388503548185,0.9425193337299227,1,1.0,0.1037064677,2
P042,BRADESCO ALECRIM,Alecrim,2,0.045988258317025466,0.03352064127304921,0.9425193337299227,1,1.0,0.1241044776,2
P081,ACAI BIRUTA,Nova Parnamirim,2,0.04455818154448288,0.03002372811327969,0.9439321832242713,1,1.0,0.0420646766,2
P110,MARTELINHO DE OURO,Lagoa Seca,2,0.04455818154448288,0.037451210855578565,0.9439321832242713,1,1.0,0.102761194,2
P043,RESTAURANTE COMA BEM,Alecrim,2,0.04455818154448288,0.03269453124389965,0.9439321832242713,1,1.0,0.123159204,2
P179,REVISTARIA AYRTON SENNA,Nova Parnamirim,2,0.04390590523205806,0.03417248182510124,0.9505130874479476,1,1.0,0.0326368159,2
P127,POSTO SHELL,Ponta Negra,1,0.04382843229069111,0.024112690144053484,0.9490258774538964,2,0.9701492537313433,0.0291044776,2
P044,IGREJA CRISTA DAS NACOES,Alecrim,2,0.0431281047719404,0.03212732644257643,0.9453450327186199,1,1.0,0.1222139303,2
P082,RESTAURANTE BOM PRECO,Nova Parnamirim,2,0.0431281047719404,0.029484826259579378,0.9453450327186199,1,1.0,0.041119403,2
P111,AROLDO AUTO PECAS,Lagoa Seca,2,0.0431281047719404,0.03871812104481853,0.9453450327186199,1,1.0,0.1018159204,2
P141,ROTA DO SOL,Ponta Negra,1,0.04242900437759567,0.02198488819055111,0.9515541344437835,2,0.9651741293532339,0.0282089552,2
P045,BAUDO,Quintas,2,0.04169802799939781,0.031827990936202366,0.9467578822129684,1,1.0,0.1212686567,2
P112,POSTO BR PROXIMO AO MID,Lagoa Nova,2,0.04169802799939781,0.040374116350224365,0.9467578822129684,1,1.0,0.1008706468,2
P083,LATERAL DE CEPE,Nova Parnamirim,2,0.04169802799939781,0.029344815230005872,0.9467578822129684,1,1.0,0.0401741294,2
P011,MERCADINHO LJ,Parque dos Eucaliptos,3,0.04144845129432895,0.024154382613894354,0.9527067221891731,1,1.0,0.0348756219,2
P178,ACQUA ESTETICA,Nova Parnamirim,2,0.03881970155951975,0.03088225250012744,0.9555696014277216,1,1.0,0.0292537313,3
P128,DOLCE AMORE,Ponta Negra,1,0.036710994568271205,0.02022618075659377,0.9560901249256395,2,0.9751243781094527,0.0243781095,2
P140,CHIC PIZZA,Ponta Negra,1,0.03659221012459313,0.01906939072267344,0.957354253420583,2,0.9701492537313433,0.0243283582,2
P010,BONSAI SUSHI,Nova Parnamirim,3,0.03602424061050424,0.021388349916067972,0.9580978584176085,1,1.0,0.0312686567,2
P139,MARITIMOS BAR,Ponta Negra,1,0.03068058517603922,0.01612040764033762,0.9632287328970851,2,0.9751243781094527,0.02039801,2
P165,OVERDOSE,Nova Parnamirim,3,0.03063374981183198,0.04111033667673181,0.9576888756692445,1,1.0,0.1015422886,4
P009,PITTS BURG,Nova Parnamirim,3,0.030525213227592385,0.01865380116805171,0.9635633551457465,1,1.0,0.0276119403,2
P129,PN345,Ponta Negra,1,0.029518636448773172,0.016333271934898752,0.9632287328970851,2,0.9800995024875622,0.01960199,2
P168,PONTUAL MATERIAL DE CONSTRUCAO,Parque dos Eucaliptos,1,0.02687038988408852,0.03159453862436823,0.9614069006543724,1,1.0,0.0341791045,2
P169,SHOPPING AYRTON SENNA,Parque dos Eucaliptos,1,0.025440313111546042,0.029339221992435882,0.962819750148721,1,1.0,0.0332338308,2
P008,JOANINHA BABY,Nova Parnamirim,3,0.02495136914559326,0.01595651127308706,0.9691032123735871,1,1.0,0.0239054726,2
P138,ESTRELA DO ATLANTICO,Ponta Negra,1,0.02469412953193395,0.013121678463347997,0.9691775728732898,2,0.9800995024875622,0.0164179104,2
P170,KI PAO SERIDO,Parque dos Eucaliptos,1,0.024010236339003455,0.027653652925177075,0.9642325996430696,1,1.0,0.0322885572,2
P176,PN269,Nova Parnamirim,2,0.02311230786491636,0.02079036598492834,0.9711853063652588,1,1.0,0.0188059701,3
P171,CONDOMINIO ITAMARATI,Parque dos Eucaliptos,1,0.022580159566460978,0.026475475663002457,0.9656454491374182,1,1.0,0.0313432836,2
P130,ROTATORIA,Ponta Negra,1,0.022251357932197013,0.01240901524356297,0.9704417013682332,2,0.9850746268656716,0.0147761194,2
P172,ANTES DA ROTATORIA CIDADE VERDE,Parque dos Eucaliptos,1,0.02115008279391839,0.025788562355249844,0.9670582986317668,1,1.0,0.03039801,2
P007,LATERAL DO CEPE,Nova Parnamirim,3,0.019302708364506982,0.013330855368175576,0.9747174301011303,1,1.0,0.0201492537,3
P137,FRASQUEIRAO,Ponta Negra,1,0.018632843192277426,0.010052019422301717,0.9752007733491969,2,0.9850746268656716,0.0123880597,2
P175,MARMITARIA DELICIAS QUENTINHAS,Nordeste,2,0.01772691574105234,0.017429128948423744,0.9765392623438429,1,1.0,0.0152238806,3
P131,SOLAR ENERGIAS RENOVAVEIS,Ponta Negra,1,0.014909159018542839,0.008420080233917493,0.9777290303390839,2,0.9900497512437811,0.0099004975,2
P033,CONDOMINIO MORRO BRANCO,Lagoa Nova,2,0.013510462140599144,0.03948115732689994,0.9746058893515764,1,1.0,0.1553731343,2
P184,CONDOMINIO COLINAS DAS PALMEIRAS,Nova Parnamirim,2,0.013510462140599144,0.021440566328096988,0.9746058893515764,1,1.0,0.0607089552,2
P194,ATRAS DO CONDOMINIO BERTIOGA,Nova Parnamirim,1,0.013510462140599144,0.010357991894417218,0.9746058893515764,1,1.0,0.0089303483,2
P003,CONDOMINIO ITATIAIA,Parque dos Eucaliptos,5,0.012948617192470313,0.012016883471440476,0.9806290898274836,2,0.9900497512437811,0.0086069652,4
P136,ROTATORIA PN,Ponta Negra,1,0.012496726157069649,0.006881380879872889,0.9812983343248066,2,0.9900497512437811,0.0083084577,2
P034,MERCEARIA SR. ROCHA,Nova Descoberta,2,0.012080385368056556,0.03951112515059907,0.976018738845925,1,1.0,0.1544278607,2
P195,VIA DORO,Nova Parnamirim,1,0.012080385368056556,0.009828981406647563,0.976018738845925,1,1.0,0.0079850746,2
P185,CDA,Nova Parnamirim,2,0.012080385368056556,0.020163858282905567,0.976018738845925,1,1.0,0.0597636816,2
P196,RESIDENCIAL GOLDEN VALLEY,Nova Parnamirim,1,0.01065030859551408,0.009822302090709778,0.9774315883402737,1,1.0,0.007039801,2
P186,PROSSEGUIR AUTO ESCOLA,Nova Parnamirim,2,0.01065030859551408,0.01982751871151356,0.9774315883402737,1,1.0,0.058818408,3
P035,LATERAL DO IFRN,Lagoa Nova,2,0.01065030859551408,0.04001216952384423,0.9774315883402737,1,1.0,0.1534825871,2
P005,IGREJA CRISTO NO BRASIL,Nova Parnamirim,3,0.0077809367050726275,0.007447855588675334,0.9861689470553242,1,1.0,0.0124875622,3
P132,IGREJA PENTECOSTAL,Ponta Negra,1,0.007492039707810427,0.004315572205568552,0.9850907198096371,2,0.9950248756218906,0.0049751244,2
P201,PN312,Nova Parnamirim,1,0.006774047869938293,0.006810309985768814,0.9812611540749554,1,1.0,0.025460199,2
P182,PREFEITURA,Nova Parnamirim,2,0.006774047869938293,0.017827346249626674,0.9812611540749554,1,1.0,0.043818408,2
P189,OVERDOSE,Nova Parnamirim,2,0.006774047869938293,0.006332301604592194,0.9812611540749554,1,1.0,0.0497885572,3
P135,IGREJA PETENCOSTAL,Ponta Negra,1,0.0062857784263105065,0.0035617299366793587,0.9874702558001189,2,0.9950248756218906,0.0041791045,2
P199,GERBERA RECEPCOES,Nova Parnamirim,1,0.005684580575189835,0.004211958328831256,0.9885113027959548,1,1.0,0.0037810945,2
P089,MARCO ZERO MARCO ACAI,Nova Parnamirim,2,0.005424210683824593,0.004256457747358167,0.9885113027959548,1,1.0,0.0325497512,3
P183,CONDOMINIO ARCO-IRIS,Nova Parnamirim,2,0.0053439710973957055,0.01720296850817693,0.982674003569304,1,1.0,0.0428731343,2
P202,PN313,Nova Parnamirim,1,0.0053439710973957055,0.006563795281443241,0.982674003569304,1,1.0,0.0245149254,2
P004,BANCA PRATICA,Nova Parnamirim,3,0.0019078258267245518,0.0041795211697785994,0.992006246281975,1,1.0,0.0085820896,2
P174,CONDOMINIO ITATIAIA,Parque Dos Eucaliptos,2,0.0011219566924716151,0.006526230163038549,0.9930472932778108,1,1.0,0.0041791045,3
P018,MARCO ZERO,Nova Parnamirim,2,0.0006359419422414803,0.0013949499426995082,0.9932703747769185,1,1.0,0.0293656716,3
P198,MERCADINHO ALGAROBA,Nova Parnamirim,1,0.0001495942256628524,0.0007367783479956813,0.9940139797739441,1,1.0,9.95025e-05,2
P088,ESPACO SALLUTE,Clube do Pitimbu,1,3.74083495435773e-05,0.00027650927449940355,0.993865258774539,1,1.0,2.48756e-05,2
P066,BANCO BRADESCO E ITAUBR,Candelária,2,0.0,0.0,0.9879535990481856,1,1.0,0.0,2
P001,TERMINAL DE NOVA PARNAMIRIM,Nova Parnamirim,5,0.0,0.0,0.9934934562760261,1,1.0,0.0,2
P002,TERMINAL,Parque dos Eucaliptos,2,0.0,0.0,0.9934934562760261,1,1.0,0.0,2
P006,CEPE,Neopolis,2,0.0,0.0,0.9939024390243902,1,1.0,0.0,2
P133,IGREJA GUERREIROS DA ORACAO,Nova Parnamirim,1,0.0,0.0,0.992526769779893,1,1.0,0.0,1
P134,TERMINAL,Nova Parnamirim,1,0.0,0.0,0.9937165377751338,1,1.0,0.0,1
P113,PN329,Lagoa Nova,2,0.0,0.049455949918987385,0.9879535990481856,1,1.0,0.147238806,2
P177,CONDOMINIO JARDIM DO SUL,Nova Parnamirim,1,0.0,0.0,0.9941998810232004,1,1.0,0.0110696517,2
P173,COLEGIO EXTENSIVO,Parque dos Eucaliptos,1,0.0,0.0,0.9879535990481856,1,1.0,0.0,2
P190,PN322,Nova Parnamirim,1,0.0,0.0,0.9879535990481856,1,1.0,0.0126741294,2
P188,BOTECO RESTAURANTE E PIZZARIA,Nova Parnamirim,2,0.0,0.0,0.9879535990481856,1,1.0,0.048358209,2
P200,CONDOMINIO GOLDEN VALLEY,Nova Parnamirim,1,0.0,0.0,0.9941998810232004,1,1.0,0.0110696517,2
