origem,destino,de,para,peso_linhas,linhas,dano,perda_eficiencia,alcancabilidade_restante,n_wcc,gcc_frac
P020,P021,KERO KERO,ACAI,5,"738,740,745.1,97,98",0.43433967876264123,0.24096066889382628,0.5656603212373588,1,1.0
P021,P022,ACAI,ATACADAO,5,"738,740,745.1,97,98",0.43292682926829273,0.23702642101068305,0.5670731707317073,1,1.0
P022,P023,ATACADAO,MOTEL VISION,5,"738,740,745.1,97,98",0.4315139797739441,0.23413583454908482,0.5684860202260559,1,1.0
P023,P024,MOTEL VISION,SAMS CLUB,5,"738,740,745.1,97,98",0.4301011302795955,0.23208624017220947,0.5698988697204045,1,1.0
P024,P025,SAMS CLUB,PASSARELA DE NEOPOLIS,5,"738,740,745.1,97,98",0.4286882807852469,0.23078281369483733,0.5713117192147531,1,1.0
P025,P026,PASSARELA DE NEOPOLIS,HYUNDAI,5,"738,740,745.1,97,98",0.4272754312908983,0.23019213471079847,0.5727245687091017,1,1.0
P026,P027,HYUNDAI,PG PRIME,5,"738,740,745.1,97,98",0.4258625817965497,0.23033398918817105,0.5741374182034503,1,1.0
P027,P028,PG PRIME,ESTACAO VIA DIRETA,5,"738,740,745.1,97,98",0.42444973230220107,0.23130461627009036,0.5755502676977989,1,1.0
P067,P068,ESTACAO CARREFOUR,ANTIGA SALINAS,5,"738,740,745.2,97,98",0.33789411064842356,0.19937771712376406,0.6621058893515764,1,1.0
P068,P069,ANTIGA SALINAS,POSTO BR NOVO HORIZONTE,5,"738,740,745.2,97,98",0.33648126115407495,0.19625785926267958,0.663518738845925,1,1.0
P028,P029,ESTACAO VIA DIRETA,PASSARELA DE POTILANDIA,4,"738,740,97,98",0.3354402141582391,0.17412697920406417,0.6645597858417609,1,1.0
P069,P070,POSTO BR NOVO HORIZONTE,PASSARELA NEOPOLIS SENTIDO PARANAMIRIM,5,"738,740,745.2,97,98",0.33506841165972634,0.19408988768907065,0.6649315883402737,1,1.0
P029,P030,PASSARELA DE POTILANDIA,UNIVERSAL,4,"738,740,97,98",0.3340273646638905,0.1727151849962254,0.6659726353361095,1,1.0
P070,P071,PASSARELA NEOPOLIS SENTIDO PARANAMIRIM,SAMS CLUB SENTIDO PARNAMIRIM,5,"738,740,745.2,97,98",0.33365556216537773,0.1927429923704288,0.6663444378346223,1,1.0
P030,P031,UNIVERSAL,PIZZARIA DONA MARIA,4,"738,740,97,98",0.332614515169542,0.17201774147701054,0.667385484830458,1,1.0
P071,P072,SAMS CLUB SENTIDO PARNAMIRIM,CAR BOX,5,"738,740,745.2,97,98",0.3322427126710291,0.19221464120803788,0.6677572873289709,1,1.0
P031,P032,PIZZARIA DONA MARIA,NORDESTAO,4,"738,740,97,98",0.3312016656751934,0.17203662859535473,0.6687983343248066,1,1.0
P072,P073,CAR BOX,ATACADAO,5,"738,740,745.2,97,98",0.3308298631766805,0.19263487479584185,0.6691701368233195,1,1.0
P187,P020,ESPACO REDUZIDO,KERO KERO,2,"97,98",0.3284503271861987,0.1835359949761053,0.6715496728138013,1,1.0
P046,P047,CIA,AMERICANAS,4,"738,740,97,98",0.25620910172516365,0.12791189495333033,0.7437908982748364,1,1.0
P062,P063,CONDOMINIO PAIS DE GALE,PORTUGAL CENTER,4,"738,740,97,98",0.2549077929803688,0.1501845519771402,0.7450922070196312,1,1.0
P047,P048,AMERICANAS,RIBEIRA,4,"738,740,97,98",0.25479625223081503,0.12752677985124028,0.745203747769185,1,1.0
P063,P064,PORTUGAL CENTER,DOM GURMET,4,"738,740,97,98",0.2534949434860202,0.14845603565525045,0.7465050565139798,1,1.0
P064,P065,DOM GURMET,POSTO ALVARO 105 GOVERNADORIA,4,"738,740,97,98",0.2520820939916716,0.14761019228500327,0.7479179060083284,1,1.0
P162,P163,MANARA,CDA DISTRIBUIDORA,3,"745.2,97,98",0.16366745984533015,0.12632380096857854,0.8363325401546698,1,1.0
P163,P164,CDA DISTRIBUIDORA,MC DONALDS,3,"745.2,97,98",0.16225461035098154,0.12437820232401342,0.8377453896490185,1,1.0
P159,P028,IGREJA DE MIRASSOL,ESTACAO VIA DIRETA,1,745.2,0.13920285544318856,0.08929287566913213,0.8607971445568114,2,0.8712871287128713
P067,P114,ESTACAO CARREFOUR,CIDADE JARDIM,1,745.1,0.1353361094586556,0.09137888174271724,0.8646638905413444,2,0.900990099009901
P158,P159,MERCADINHO SAO FRANCISCO E GINASIO,IGREJA DE MIRASSOL,1,745.2,0.1347784057108864,0.08408746673383816,0.8652215942891136,2,0.8762376237623762
P157,P158,UFRN - NUPLAM,MERCADINHO SAO FRANCISCO E GINASIO,1,745.2,0.13027959547888157,0.07938505024198084,0.8697204045211184,2,0.8811881188118812
P114,P115,CIDADE JARDIM,SANTANDER,1,745.1,0.12927572873289706,0.08479497921617019,0.870724271267103,2,0.905940594059406
P156,P157,UFRN - ROTATORIA DO NEI,UFRN - NUPLAM,1,745.2,0.1257064247471743,0.07504264713516884,0.8742935752528257,2,0.8861386138613861
P115,P116,SANTANDER,MAURICIO DE NASSAU,1,745.1,0.12314098750743607,0.07884715140192866,0.8768590124925639,2,0.9108910891089109
P155,P156,UFRN - NUPLAM 2,UFRN - ROTATORIA DO NEI,1,745.2,0.12105889351576438,0.07097757869553245,0.8789411064842356,2,0.8910891089108911
P116,P117,MAURICIO DE NASSAU,EXTRA,1,745.1,0.11693188578227243,0.07334024294010333,0.8830681142177276,2,0.9158415841584159
P154,P155,UFRN - CENTRO DE BIOCIENCIA,UFRN - NUPLAM 2,1,745.2,0.116337001784652,0.06713442577761874,0.883662998215348,2,0.8960396039603961
P153,P154,UFRN - CIT,UFRN - CENTRO DE BIOCIENCIA,1,745.2,0.11154074955383697,0.06347285701173466,0.888459250446163,2,0.900990099009901
P117,P118,EXTRA,SHOPPING SEEWAY,1,745.1,0.11064842355740634,0.06816794596151687,0.8893515764425937,2,0.9207920792079208
P152,P153,UFRN - LABORATORIO DE AUTOMACAO,UFRN - CIT,1,745.2,0.1066701368233195,0.05996190356541142,0.8933298631766805,2,0.905940594059406
P118,P119,SHOPPING SEEWAY,UNP,1,745.1,0.10429060083283759,0.06326105992733866,0.8957093991671624,2,0.9257425742574258
P151,P152,BRADESCO,UFRN - LABORATORIO DE AUTOMACAO,1,745.2,0.10172516359309935,0.056576840736900724,0.8982748364069006,2,0.9108910891089109
P119,P120,UNP,TABUA DE CARNE,1,745.1,0.09785841760856628,0.0585698330412564,0.9021415823914337,2,0.9306930693069307
P150,P151,DROGARIA GLOBO,BRADESCO,1,745.2,0.09670582986317666,0.05329731194106324,0.9032941701368233,2,0.9158415841584159
P019,P020,ESPACO SALUTTE,KERO KERO,3,"738,740,745.1",0.09637120761451512,0.058405826216921364,0.9036287923854849,1,1.0
P087,P074,KERO KERO,DIVEP,3,"740,745.2,98",0.0963340273646639,0.07664056816908538,0.9036659726353361,1,1.0
P074,P160,DIVEP,ESPACO REDUZIDO,2,"745.2,98",0.0953673408685306,0.0684624996743981,0.9046326591314694,1,1.0
P085,P086,CAMPO CERRADO,TERMINAL,2,"738,745.2",0.09309934562760258,0.07308509547207376,0.9069006543723974,1,1.0
P086,P087,TERMINAL,KERO KERO,1,738,0.09168649613325397,0.07286322397734668,0.908313503866746,1,1.0
P149,P150,MAURICIO DE NASSAU,DROGARIA GLOBO,1,745.2,0.09161213563355142,0.05010611365318829,0.9083878643664486,2,0.9207920792079208
P120,P121,TABUA DE CARNE,ESTACIO,1,745.1,0.09135187388459254,0.054056087613678416,0.9086481261154075,2,0.9356435643564357
P032,P090,NORDESTAO,IFRN,2,"740,97",0.09083135038667456,0.053155448066187994,0.9091686496133254,1,1.0
P090,P091,IFRN,VILLA PARK,2,"740,97",0.08941850089232595,0.05117229068254148,0.910581499107674,1,1.0
P091,P092,VILLA PARK,BATALHAO 16,2,"740,97",0.08800565139797745,0.049407266607714995,0.9119943486020226,1,1.0
P092,P093,BATALHAO 16,IDEA DE MOVEIS,2,"740,97",0.08659280190362884,0.047841808973282496,0.9134071980963712,1,1.0
P148,P149,EXTRA,MAURICIO DE NASSAU,1,745.2,0.08644408090422373,0.046988359826467097,0.9135559190957763,2,0.9257425742574258
P093,P094,IDEA DE MOVEIS,UNIVERSIDADE DA PICANHA,2,"740,97",0.08517995240928022,0.046462181094824806,0.9148200475907198,1,1.0
P121,P122,ESTACIO,PRAIA SHOPPING,1,745.1,0.08477096966091613,0.049689073574053944,0.9152290303390839,2,0.9405940594059405
P048,P049,RIBEIRA,PRACA 7 DE SETEMBRO,2,"738,98",0.08458506841165969,0.04450050914591519,0.9154149315883403,1,1.0
P094,P095,UNIVERSIDADE DA PICANHA,BIENOVA,2,"740,97",0.08376710291493161,0.045258266502568256,0.9162328970850684,1,1.0
P049,P050,PRACA 7 DE SETEMBRO,ANTES DA JANNA BABYS,2,"738,98",0.08317221891731108,0.04326521838791075,0.9168277810826889,1,1.0
P095,P096,BIENOVA,CAMPO JUVENAL LAMARTINE,2,"740,97",0.082354253420583,0.04422286603200787,0.917645746579417,1,1.0
P050,P051,ANTES DA JANNA BABYS,PRACA CIVICA NILIO PECANHA,2,"738,98",0.08175936942296247,0.04224631273104695,0.9182406305770375,1,1.0
P147,P148,UNP,EXTRA,1,745.2,0.08120166567519338,0.0439308754706369,0.9187983343248066,2,0.9306930693069307
P096,P097,CAMPO JUVENAL LAMARTINE,PREDIO VELHO,2,"740,97",0.08094140392623439,0.043351304463044804,0.9190585960737656,1,1.0
P051,P052,PRACA CIVICA NILIO PECANHA,CLINICA DE SANTA BEATRIZ,2,"738,98",0.08034651992861397,0.04141796429174416,0.919653480071386,1,1.0
P097,P098,PREDIO VELHO,MERCADO PETROPOLIS,2,"740,97",0.07952855443188578,0.04264125845499489,0.9204714455681142,1,1.0
P052,P053,CLINICA DE SANTA BEATRIZ,PRACA DAS FLORES,2,"738,98",0.07893367043426536,0.040764320755157124,0.9210663295657346,1,1.0
P098,P099,MERCADO PETROPOLIS,HARMONY MEDICAL CENTER,2,"740,97",0.07811570493753717,0.042092777786600255,0.9218842950624628,1,1.0
P122,P123,PRAIA SHOPPING,FEIRA DE ARTESANATO,1,745.1,0.07811570493753717,0.0454430079175111,0.9218842950624628,2,0.9455445544554455
P053,P054,PRACA DAS FLORES,FARMAFORMULA,2,"738,98",0.07752082093991675,0.04027564443046916,0.9224791790600833,1,1.0
P099,P100,HARMONY MEDICAL CENTER,PRACA CIVICA,2,"740,97",0.07670285544318856,0.041708519370557307,0.9232971445568114,1,1.0
P054,P055,FARMAFORMULA,JUVENAL LAMARTINE,2,"738,98",0.07610797144556813,0.039946456146527365,0.9238920285544319,1,1.0
P146,P147,EM FRENTE DUNNAS SHOPPING,UNP,1,745.2,0.07588488994646048,0.04092173204721494,0.9241151100535395,2,0.9356435643564357
P100,P101,PRACA CIVICA,HOSPITAL VARELA SANTIAGO,2,"740,97",0.07529000594883994,0.041494272810039146,0.9247099940511601,1,1.0
P055,P056,JUVENAL LAMARTINE,FARMACIA PAGUE MENOS,2,"738,98",0.07469512195121952,0.039774604876662845,0.9253048780487805,1,1.0
P101,P102,HOSPITAL VARELA SANTIAGO,BANCO ITAU CIDADE,2,"740,97",0.07387715645449133,0.04145996340703417,0.9261228435455087,1,1.0
P056,P057,FARMACIA PAGUE MENOS,ESPACO REDUZIDO,2,"738,98",0.07328227245687091,0.03976084634457955,0.9267177275431291,1,1.0
P016,P017,SHOPPING REIS MAGOS,CAIXA ECONOMICA,3,"738,740,745.1",0.0725758477096966,0.04367488632999805,0.9274241522903034,1,1.0
P102,P103,BANCO ITAU CIDADE,ARQUIVO TRIBUNAL DE JUSTICA,2,"740,97",0.07246430696014272,0.0416215615540545,0.9275356930398573,1,1.0
P057,P058,ESPACO REDUZIDO,MARCATO,2,"738,98",0.0718694229625223,0.03990876544535693,0.9281305770374777,1,1.0
P123,P124,FEIRA DE ARTESANATO,BAR E PALESI,1,745.1,0.07138607971445565,0.04129546070553869,0.9286139202855443,2,0.9504950495049505
P103,P046,ARQUIVO TRIBUNAL DE JUSTICA,CIA,2,"740,97",0.07105145746579422,0.042004985201020806,0.9289485425342058,1,1.0
P145,P146,PRAIA SHOPPING,EM FRENTE DUNNAS SHOPPING,1,745.2,0.07049375371802502,0.037949869342032594,0.929506246281975,2,0.9405940594059405
P058,P059,MARCATO,FINAL DO AEROCLUBE,2,"738,98",0.07045657346817369,0.04022500114967131,0.9295434265318263,1,1.0
P059,P060,FINAL DO AEROCLUBE,ANTIGO COLEGIO BEREIANO,2,"738,98",0.06904372397382508,0.04071982653180406,0.9309562760261749,1,1.0
P060,P061,ANTIGO COLEGIO BEREIANO,FRENTE AO MID,2,"738,98",0.06763087447947647,0.04140826213114457,0.9323691255205235,1,1.0
P015,P016,GRAMADO HALL MRV,SHOPPING REIS MAGOS,3,"738,740,745.1",0.06759369422962525,0.04037851546694804,0.9324063057703748,1,1.0
P061,P062,FRENTE AO MID,CONDOMINIO PAIS DE GALE,2,"738,98",0.06621802498512785,0.04231215637854202,0.9337819750148721,1,1.0
P144,P145,CAMAROES,PRAIA SHOPPING,1,745.2,0.06502825698988701,0.03500476474738745,0.934971743010113,2,0.9455445544554455
P124,P125,BAR E PALESI,DECKY BAR,1,745.1,0.06458209399167159,0.03722618446082837,0.9354179060083284,2,0.9554455445544554
P191,P192,PREFEITURA,TROPICAL LANCHES,2,"97,98",0.06302052349791787,0.04956818057344814,0.9369794765020821,1,1.0
P014,P015,RESTAURANTE CASA GRANDE,GRAMADO HALL MRV,3,"738,740,745.1",0.06253718024985133,0.037268697387527805,0.9374628197501487,1,1.0
P192,P193,TROPICAL LANCHES,IGREJA ASSEMBLEIA DE DEUS ABEL,2,"97,98",0.06160767400356926,0.04819049222080196,0.9383923259964307,1,1.0
P143,P144,BARI PALESI,CAMAROES,1,745.2,0.05948839976204645,0.03207611785850262,0.9405116002379535,2,0.9504950495049505
P074,P075,DIVEP,CAIXA ECONOMICA DA MARIA LACERDA,2,"738,740",0.05922813801308746,0.048651746582205724,0.9407718619869125,1,1.0
P036,P037,MID,IGREJA PENTECOSTAL DE JERUSALEM,2,"738,98",0.05922813801308746,0.048030100585780944,0.9407718619869125,1,1.0
P048,P104,RIBEIRA,PRACA PRACA JOAO TIBURCIO,2,"740,97",0.05922813801308746,0.04091578998343803,0.9407718619869125,1,1.0
P181,P167,MINA BELA COSMETICOS,IGREJA EVANGELICA CRISTA,2,"97,98",0.05889351576442592,0.047456140186080686,0.9411064842355741,1,1.0
P075,P076,CAIXA ECONOMICA DA MARIA LACERDA,RESTAURANTE TEMPERO DA MARIA,2,"738,740",0.05781528851873885,0.04516018125247934,0.9421847114812612,1,1.0
P037,P038,IGREJA PENTECOSTAL DE JERUSALEM,STYLUS DECORACOES,2,"738,98",0.05781528851873885,0.045372371115454,0.9421847114812612,1,1.0
P104,P105,PRACA PRACA JOAO TIBURCIO,BALDO,2,"740,97",0.05781528851873885,0.04029678645888335,0.9421847114812612,1,1.0
P125,P126,DECKY BAR,CIGARREIRA ROTA DO SOL,1,745.1,0.057703747769184965,0.03321615902427666,0.942296252230815,2,0.9603960396039604
P013,P014,NORDESTAO,RESTAURANTE CASA GRANDE,3,"738,740,745.1",0.057406305770374755,0.034272344164225865,0.9425936942296252,1,1.0
P076,P077,RESTAURANTE TEMPERO DA MARIA,EXTRA,2,"738,740",0.05640243902439024,0.04229373128704461,0.9435975609756098,1,1.0
P105,P106,BALDO,CEMITERIO DO ALECRIM,2,"740,97",0.05640243902439024,0.039977580363445564,0.9435975609756098,1,1.0
P038,P039,STYLUS DECORACOES,PP2,2,"738,98",0.05640243902439024,0.043171534445191506,0.9435975609756098,1,1.0
P106,P107,CEMITERIO DO ALECRIM,INSINUANTE ALECRIM,2,"740,97",0.05498958953004163,0.03994150932907925,0.9450104104699584,1,1.0
P077,P078,EXTRA,COLINAS DO SOL,2,"738,740",0.05498958953004163,0.039934042717299056,0.9450104104699584,1,1.0
P039,P040,PP2,MINISTERIO DO TRABALHO,2,"738,98",0.05498958953004163,0.041331543668697845,0.9450104104699584,1,1.0
P180,P181,IGREJA ASSEMBLEIA DE DEUS ABEL,MINA BELA COSMETICOS,2,"97,98",0.05402290303390844,0.043211149776407276,0.9459770969660916,1,1.0
P142,P143,DECKY,BARI PALESI,1,745.2,0.053874182034503226,0.0291535181761845,0.9461258179654968,2,0.9554455445544554
P078,P079,COLINAS DO SOL,CASA DO BOLO,2,"738,740",0.053576740035693016,0.038019315355094174,0.946423259964307,1,1.0
P107,P108,INSINUANTE ALECRIM,DEPOIS DO BRADESCO ALECRIM,2,"740,97",0.053576740035693016,0.04018466609606297,0.946423259964307,1,1.0
P040,P041,MINISTERIO DO TRABALHO,NICOLE MODAS,2,"738,98",0.053576740035693016,0.039805056830035435,0.946423259964307,1,1.0
P012,P013,RESTAURANTE BOM DE BOCA,NORDESTAO,3,"738,740,745.1",0.052201070791195736,0.0313541950945504,0.9477989292088043,1,1.0
P041,P042,NICOLE MODAS,BRADESCO ALECRIM,2,"738,98",0.052163890541344404,0.03856609060301397,0.9478361094586556,1,1.0
P079,P080,CASA DO BOLO,CLAUDI MOVEIS,2,"738,740",0.052163890541344404,0.03651493107691495,0.9478361094586556,1,1.0
P108,P109,DEPOIS DO BRADESCO ALECRIM,LAMPADINHA ALECRIM,2,"740,97",0.052163890541344404,0.040713282839466625,0.9478361094586556,1,1.0
P197,P161,VAREJAO VITORIA,GRUPO CONRADO,1,98,0.05171772754312909,0.04673790871140693,0.9482822724568709,1,1.0
P109,P110,LAMPADINHA ALECRIM,MARTELINHO DE OURO,2,"740,97",0.05075104104699579,0.041544067372871085,0.9492489589530042,1,1.0
P126,P127,CIGARREIRA ROTA DO SOL,POSTO SHELL,1,745.1,0.05075104104699579,0.029246689230040257,0.9492489589530042,2,0.9653465346534653
P042,P043,BRADESCO ALECRIM,RESTAURANTE COMA BEM,2,"738,98",0.05075104104699579,0.03760130993205202,0.9492489589530042,1,1.0
P080,P081,CLAUDI MOVEIS,ACAI BIRUTA,2,"738,740",0.05075104104699579,0.03540408726575173,0.9492489589530042,1,1.0
P081,P082,ACAI BIRUTA,RESTAURANTE BOM PRECO,2,"738,740",0.04933819155264718,0.03468559221873602,0.9506618084473528,1,1.0
P043,P044,RESTAURANTE COMA BEM,IGREJA CRISTA DAS NACOES,2,"738,98",0.04933819155264718,0.03690705003372741,0.9506618084473528,1,1.0
P110,P111,MARTELINHO DE OURO,AROLDO AUTO PECAS,2,"740,97",0.04933819155264718,0.04270754856706471,0.9506618084473528,1,1.0
P179,P180,REVISTARIA AYRTON SENNA,IGREJA ASSEMBLEIA DE DEUS ABEL,2,"97,98",0.0490779298036883,0.039381093347682805,0.9509220701963117,1,1.0
P166,P167,CONDOMINIO ARCO IRIS,IGREJA EVANGELICA CRISTA,1,745.2,0.04900356930398575,0.04494287092485649,0.9509964306960142,1,1.0
P141,P142,ROTA DO SOL,DECKY,1,745.2,0.04818560380725756,0.026226055799322023,0.9518143961927424,2,0.9603960396039604
P111,P112,AROLDO AUTO PECAS,POSTO BR PROXIMO AO MID,2,"740,97",0.04792534205829868,0.04425737158669307,0.9520746579417013,1,1.0
P082,P083,RESTAURANTE BOM PRECO,LATERAL DE CEPE,2,"738,740",0.04792534205829868,0.03437765307817442,0.9520746579417013,1,1.0
P044,P045,IGREJA CRISTA DAS NACOES,BAUDO,2,"738,98",0.04792534205829868,0.03648922333707949,0.9520746579417013,1,1.0
P011,P012,MERCADINHO LJ,RESTAURANTE BOM DE BOCA,3,"738,740,745.1",0.046921475312314054,0.028493431113807532,0.953078524687686,1,1.0
P045,P046,BAUDO,CIA,2,"738,98",0.04651249256395007,0.03636610392218642,0.9534875074360499,1,1.0
P112,P036,POSTO BR PROXIMO AO MID,MID,2,"740,97",0.04651249256395007,0.04629863454108152,0.9534875074360499,1,1.0
P083,P084,LATERAL DE CEPE,HAMBURGO STYLE,2,"738,740",0.04651249256395007,0.03453656302688657,0.9534875074360499,1,1.0
P178,P179,ACQUA ESTETICA,REVISTARIA AYRTON SENNA,2,"97,98",0.04405859607376561,0.03589700104217619,0.9559414039262344,1,1.0
P127,P128,POSTO SHELL,DOLCE AMORE,1,745.1,0.04372397382510407,0.025298392057205965,0.9562760261748959,2,0.9702970297029703
P140,P141,CHIC PIZZA,ROTA DO SOL,1,745.2,0.04242266508030934,0.02328181493430681,0.9575773349196907,2,0.9653465346534653
P010,P011,BONSAI SUSHI,MERCADINHO LJ,3,"738,740,745.1",0.04156751933372993,0.025677078807265996,0.9584324806662701,1,1.0
P128,P129,DOLCE AMORE,PN345,1,745.1,0.03662254610350979,0.02134983541393365,0.9633774538964902,2,0.9752475247524752
P139,P140,MARITIMOS BAR,CHIC PIZZA,1,745.2,0.03658536585365857,0.020307146208228266,0.9634146341463414,2,0.9702970297029703
P009,P010,PITTS BURG,BONSAI SUSHI,3,"738,740,745.1",0.03613920285544314,0.02289885196738517,0.9638607971445569,1,1.0
P167,P168,IGREJA EVANGELICA CRISTA,PONTUAL MATERIAL DE CONSTRUCAO,1,745.2,0.0332763236168947,0.038658361411380904,0.9667236763831053,1,1.0
P168,P169,PONTUAL MATERIAL DE CONSTRUCAO,SHOPPING AYRTON SENNA,1,745.2,0.03186347412254609,0.03588546176190088,0.9681365258774539,1,1.0
P138,P139,ESTRELA DO ATLANTICO,MARITIMOS BAR,1,745.2,0.030673706127305134,0.0172855159926244,0.9693262938726949,2,0.9752475247524752
P008,P009,JOANINHA BABY,PITTS BURG,3,"738,740,745.1",0.030636525877453913,0.020162770056149526,0.9693634741225461,1,1.0
P169,P170,SHOPPING AYRTON SENNA,KI PAO SERIDO,1,745.2,0.030450624628197476,0.03382204583564208,0.9695493753718025,1,1.0
P129,P130,PN345,ROTATORIA,1,745.1,0.02944675788221296,0.01737536707647247,0.970553242117787,2,0.9801980198019802
P170,P171,KI PAO SERIDO,CONDOMINIO ITAMARATI,1,745.2,0.029037775133848864,0.03234177934949278,0.9709622248661511,1,1.0
P171,P172,CONDOMINIO ITAMARATI,ANTES DA ROTATORIA CIDADE VERDE,1,745.2,0.027624925639500253,0.03139934132249833,0.9723750743604997,1,1.0
P172,P084,ANTES DA ROTATORIA CIDADE VERDE,HAMBURGO STYLE,1,745.2,0.02621207614515164,0.031013150566991943,0.9737879238548484,1,1.0
P007,P008,LATERAL DO CEPE,JOANINHA BABY,3,"738,740,745.1",0.02505948839976202,0.017500505730909666,0.974940511600238,1,1.0
P137,P138,FRASQUEIRAO,ESTRELA DO ATLANTICO,1,745.2,0.024687685901249257,0.01419549406352838,0.9753123140987507,2,0.9801980198019802
P175,P176,MARMITARIA DELICIAS QUENTINHAS,PN269,2,"97,98",0.023237656157049424,0.02237988846079897,0.9767623438429506,1,1.0
P130,P131,ROTATORIA,SOLAR ENERGIAS RENOVAVEIS,1,745.1,0.022196609161213576,0.013341026903931352,0.9778033908387864,2,0.9851485148514851
P193,P194,IGREJA ASSEMBLEIA DE DEUS ABEL,ATRAS DO CONDOMINIO BERTIOGA,1,97,0.02007733491969066,0.01644209035014177,0.9799226650803093,1,1.0
P032,P033,NORDESTAO,CONDOMINIO MORRO BRANCO,2,"738,98",0.02007733491969066,0.04484233197805099,0.9799226650803093,1,1.0
P165,P184,OVERDOSE,CONDOMINIO COLINAS DAS PALMEIRAS,2,"97,98",0.02007733491969066,0.02885543935920576,0.9799226650803093,1,1.0
P194,P195,ATRAS DO CONDOMINIO BERTIOGA,VIA DORO,1,97,0.018664485425342048,0.015638623429492293,0.981335514574658,1,1.0
P033,P034,CONDOMINIO MORRO BRANCO,MERCEARIA SR. ROCHA,2,"738,98",0.018664485425342048,0.04468338143319606,0.981335514574658,1,1.0
P184,P185,CONDOMINIO COLINAS DAS PALMEIRAS,CDA,2,"97,98",0.018664485425342048,0.026997108134456993,0.981335514574658,1,1.0
P136,P137,ROTATORIA PN,FRASQUEIRAO,1,745.2,0.018627305175490827,0.011006787639179283,0.9813726948245092,2,0.9851485148514851
P034,P035,MERCEARIA SR. ROCHA,LATERAL DO IFRN,2,"738,98",0.017251635930993436,0.045006582371179826,0.9827483640690066,1,1.0
P195,P196,VIA DORO,RESIDENCIAL GOLDEN VALLEY,1,97,0.017251635930993436,0.01539457596403615,0.9827483640690066,1,1.0
P185,P186,CDA,PROSSEGUIR AUTO ESCOLA,2,"97,98",0.017251635930993436,0.026207546037668283,0.9827483640690066,1,1.0
P196,P197,RESIDENCIAL GOLDEN VALLEY,VAREJAO VITORIA,1,97,0.015838786436644825,0.015737522810073012,0.9841612135633552,1,1.0
P035,P036,LATERAL DO IFRN,MID,2,"738,98",0.015838786436644825,0.045901344299569935,0.9841612135633552,1,1.0
P131,P132,SOLAR ENERGIAS RENOVAVEIS,IGREJA PENTECOSTAL,1,745.1,0.01487209994051164,0.009195260998546728,0.9851279000594884,2,0.9900990099009901
P167,P182,IGREJA EVANGELICA CRISTA,PREFEITURA,2,"97,98",0.013422070196311697,0.02495411939497938,0.9865779298036883,1,1.0
P193,P201,IGREJA ASSEMBLEIA DE DEUS ABEL,PN312,1,98,0.013422070196311697,0.012930228339786853,0.9865779298036883,1,1.0
P164,P189,MC DONALDS,OVERDOSE,2,"97,98",0.013422070196311697,0.01345563380100212,0.9865779298036883,1,1.0
P135,P136,IGREJA PETENCOSTAL,ROTATORIA PN,1,745.2,0.012492563950029734,0.00767105051454986,0.9875074360499703,2,0.9900990099009901
P182,P183,PREFEITURA,CONDOMINIO ARCO-IRIS,2,"97,98",0.012009220701963086,0.023718246651087793,0.9879907792980369,1,1.0
P201,P202,PN312,PN313,1,98,0.012009220701963086,0.012402549250878026,0.9879907792980369,1,1.0
P199,P175,GERBERA RECEPCOES,MARMITARIA DELICIAS QUENTINHAS,1,98,0.01130279595478878,0.009061248218399598,0.9886972040452112,1,1.0
P089,P019,MARCO ZERO MARCO ACAI,ESPACO SALUTTE,2,"740,745.1",0.010782272456870912,0.009098613983754555,0.9892177275431291,1,1.0
P183,P165,CONDOMINIO ARCO-IRIS,OVERDOSE,2,"97,98",0.010596371207614474,0.023750796342759672,0.9894036287923855,1,1.0
P202,P197,PN313,VAREJAO VITORIA,1,98,0.010596371207614474,0.012512191802616868,0.9894036287923855,1,1.0
P004,P005,BANCA PRATICA,IGREJA CRISTO NO BRASIL,3,"738,740,745.1",0.007882212968471136,0.008593753714478791,0.9921177870315289,1,1.0
P132,P133,IGREJA PENTECOSTAL,IGREJA GUERREIROS DA ORACAO,1,745.1,0.007473230220107041,0.004841350845924075,0.992526769779893,2,0.995049504950495
P189,P190,OVERDOSE,PN322,1,97,0.0067296252230815146,0.006792950327686453,0.9932703747769185,1,1.0
P160,P188,ESPACO REDUZIDO,BOTECO RESTAURANTE E PIZZARIA,2,"97,98",0.0067296252230815146,0.007541779431064155,0.9932703747769185,1,1.0
P065,P066,POSTO ALVARO 105 GOVERNADORIA,BANCO BRADESCO E ITAUBR,2,"738,98",0.0067296252230815146,0.006145861428560662,0.9932703747769185,1,1.0
P084,P173,HAMBURGO STYLE,COLEGIO EXTENSIVO,1,745.2,0.0067296252230815146,0.006623884933197988,0.9932703747769185,1,1.0
P028,P113,ESTACAO VIA DIRETA,PN329,2,"745.1,745.2",0.0067296252230815146,0.055811982620323275,0.9932703747769185,1,1.0
P002,P003,TERMINAL,CONDOMINIO ITATIAIA,2,"738,740",0.006469363474122525,0.0065071441988063805,0.9935306365258775,1,1.0
P134,P135,TERMINAL,IGREJA PETENCOSTAL,1,745.2,0.006283462224866199,0.004094387267437605,0.9937165377751338,2,0.995049504950495
P006,P007,CEPE,LATERAL DO CEPE,2,"738,745.1",0.005911659726353324,0.0042048205118382365,0.9940883402736467,1,1.0
P198,P199,MERCADINHO ALGAROBA,GERBERA RECEPCOES,1,98,0.005837299226650772,0.005467747521331723,0.9941627007733492,1,1.0
P200,P178,CONDOMINIO GOLDEN VALLEY,ACQUA ESTETICA,1,98,0.00550267697798934,0.005070231856492913,0.9944973230220107,1,1.0
P177,P178,CONDOMINIO JARDIM DO SUL,ACQUA ESTETICA,1,97,0.00550267697798934,0.005070231856492913,0.9944973230220107,1,1.0
P088,P089,ESPACO SALLUTE,MARCO ZERO MARCO ACAI,1,740,0.0054654967281380085,0.005048057412802565,0.994534503271862,1,1.0
P066,P067,BANCO BRADESCO E ITAUBR,ESTACAO CARREFOUR,2,"738,98",0.005316775728732903,0.006085673543954839,0.9946832242712671,1,1.0
P113,P067,PN329,ESTACAO CARREFOUR,2,"745.1,745.2",0.005316775728732903,0.054884529029099904,0.9946832242712671,1,1.0
P173,P085,COLEGIO EXTENSIVO,CAMPO CERRADO,1,745.2,0.005316775728732903,0.005524033053713295,0.9946832242712671,1,1.0
P188,P162,BOTECO RESTAURANTE E PIZZARIA,MANARA,2,"97,98",0.005316775728732903,0.005617655563949664,0.9946832242712671,1,1.0
P190,P191,PN322,PREFEITURA,1,97,0.005316775728732903,0.005027075364693379,0.9946832242712671,1,1.0
P003,P004,CONDOMINIO ITATIAIA,BANCA PRATICA,3,"738,740,745.1",0.0020077334919690326,0.005255002231730921,0.997992266508031,1,1.0
P017,P018,CAIXA ECONOMICA,MARCO ZERO,2,"738,740",0.001264128494943506,0.0032894741463392885,0.9987358715050565,1,1.0
P003,P174,CONDOMINIO ITATIAIA,CONDOMINIO ITATIAIA,2,"97,98",0.0012269482450921743,0.007580484964572642,0.9987730517549078,1,1.0
P018,P088,MARCO ZERO,ESPACO SALLUTE,1,740,0.0007064247471743057,0.0022083074138323777,0.9992935752528257,1,1.0
P176,P177,PN269,CONDOMINIO JARDIM DO SUL,1,97,0.0002974419988102106,0.0016845488970510525,0.9997025580011898,1,1.0
P176,P200,PN269,CONDOMINIO GOLDEN VALLEY,1,98,0.0002974419988102106,0.0016845488970510525,0.9997025580011898,1,1.0
P174,P198,CONDOMINIO ITATIAIA,MERCADINHO ALGAROBA,1,98,0.0002974419988102106,0.0019225829803301009,0.9997025580011898,1,1.0
P005,P006,IGREJA CRISTO NO BRASIL,CEPE,2,"738,745.1",0.00018590124925643714,0.001281721986886808,0.9998140987507436,1,1.0
P001,P002,TERMINAL DE NOVA PARNAMIRIM,TERMINAL,2,"738,740",3.718024985133184e-05,0.000549309422951505,0.9999628197501487,1,1.0
P001,P003,TERMINAL DE NOVA PARNAMIRIM,CONDOMINIO ITATIAIA,3,"745.1,97,98",0.0,0.0009920230191072799,1.0,1,1.0
P005,P007,IGREJA CRISTO NO BRASIL,LATERAL DO CEPE,1,740,0.0,0.0014184122747621375,1.0,1,1.0
P017,P089,CAIXA ECONOMICA,MARCO ZERO MARCO ACAI,1,745.1,0.0,0.0007681676835876727,1.0,1,1.0
P018,P019,MARCO ZERO,ESPACO SALUTTE,1,738,0.0,0.0010158088779833596,1.0,1,1.0
P084,P085,HAMBURGO STYLE,CAMPO CERRADO,2,"738,740",0.0,0.005303868461299599,1.0,1,1.0
P073,P160,ATACADAO,ESPACO REDUZIDO,1,97,0.0,0.007293572495304379,1.0,1,1.0
P073,P074,ATACADAO,DIVEP,1,738,0.0,0.0027716042808567654,1.0,1,1.0
P073,P087,ATACADAO,KERO KERO,3,"740,745.2,98",0.0,0.0026855479397692728,1.0,1,1.0
P065,P067,POSTO ALVARO 105 GOVERNADORIA,ESTACAO CARREFOUR,2,"740,97",0.0,0.0073706805918066776,1.0,1,1.0
P036,P062,MID,CONDOMINIO PAIS DE GALE,2,"740,97",0.0,0.042642895991328866,1.0,1,1.0
P161,P162,GRUPO CONRADO,MANARA,1,745.2,0.0,0.019174124292628436,1.0,1,1.0
P160,P161,ESPACO REDUZIDO,GRUPO CONRADO,1,745.2,0.0,0.027282895399125096,1.0,1,1.0
P174,P175,CONDOMINIO ITATIAIA,MARMITARIA DELICIAS QUENTINHAS,1,97,0.0,0.002464126649563969,1.0,1,1.0
P164,P165,MC DONALDS,OVERDOSE,1,745.2,0.0,0.008677784384433007,1.0,1,1.0
P165,P166,OVERDOSE,CONDOMINIO ARCO IRIS,1,745.2,0.0,0.007818269215576157,1.0,1,1.0
P166,P191,CONDOMINIO ARCO IRIS,PREFEITURA,1,98,0.0,0.00550468327020337,1.0,1,1.0
P161,P187,GRUPO CONRADO,ESPACO REDUZIDO,1,97,0.0,0.033895746017470696,1.0,1,1.0
P186,P187,PROSSEGUIR AUTO ESCOLA,ESPACO REDUZIDO,1,98,0.0,0.0029527358445458063,1.0,1,1.0
P186,P161,PROSSEGUIR AUTO ESCOLA,GRUPO CONRADO,1,97,0.0,0.006670577850449777,1.0,1,1.0
P189,P166,OVERDOSE,CONDOMINIO ARCO IRIS,1,98,0.0,0.0019684460097120215,1.0,1,1.0
