parada_id,nome,bairro,n_linhas,linhas,core_number,onion_layer,grau_nao_dir,betweenness_dir,dano_remocao
P001,TERMINAL DE NOVA PARNAMIRIM,Nova Parnamirim,5,"738,740,745.1,97,98",2,27,2,0.0,0.0
P002,TERMINAL,Parque dos Eucaliptos,2,"738,740",2,27,2,0.0,0.0
P003,CONDOMINIO ITATIAIA,Parque dos Eucaliptos,5,"738,740,745.1,97,98",2,28,4,0.0086069652,0.0129486171924703
P004,BANCA PRATICA,Nova Parnamirim,3,"738,740,745.1",2,27,2,0.0085820896,0.0019078258267245
P005,IGREJA CRISTO NO BRASIL,Nova Parnamirim,3,"738,740,745.1",2,28,3,0.0124875622,0.0077809367050726
P006,CEPE,Neopolis,2,"738,745.1",2,27,2,0.0,0.0
P007,LATERAL DO CEPE,Nova Parnamirim,3,"738,740,745.1",2,28,3,0.0201492537,0.0193027083645069
P008,JOANINHA BABY,Nova Parnamirim,3,"738,740,745.1",2,27,2,0.0239054726,0.0249513691455932
P009,PITTS BURG,Nova Parnamirim,3,"738,740,745.1",2,27,2,0.0276119403,0.0305252132275923
P010,BONSAI SUSHI,Nova Parnamirim,3,"738,740,745.1",2,27,2,0.0312686567,0.0360242406105042
P011,MERCADINHO LJ,Parque dos Eucaliptos,3,"738,740,745.1",2,27,2,0.0348756219,0.0414484512943289
P012,RESTAURANTE BOM DE BOCA,Parque dos Eucaliptos,3,"738,740,745.1",2,27,2,0.0384328358,0.0467978452790662
P013,NORDESTAO,Nova Parnamirim,3,"738,740,745.1",2,27,2,0.0419402985,0.0520724225647164
P014,RESTAURANTE CASA GRANDE,Parque do Pitimbu,3,"738,740,745.1",2,27,2,0.04539801,0.0572721831512793
P015,GRAMADO HALL MRV,Parque do Pitimbu,3,"738,740,745.1",2,27,2,0.0488059701,0.0623971270387549
P016,SHOPPING REIS MAGOS,Nova Parnamirim,3,"738,740,745.1",2,27,2,0.0521641791,0.0674472542271434
P017,CAIXA ECONOMICA,Nova Parnamirim,3,"738,740,745.1",2,28,3,0.0554726368,0.0724225647164447
P018,MARCO ZERO,Nova Parnamirim,2,"738,740",2,28,3,0.0293656716,0.0006359419422414
P019,ESPACO SALUTTE,Nova Parnamirim,3,"738,740,745.1",2,29,3,0.0682089552,0.0915756396827771
P020,KERO KERO,Nova Parnamirim,5,"738,740,745.1,97,98",2,28,3,0.287039801,0.4342541020623213
P021,ACAI,Pitimbu,5,"738,740,745.1,97,98",2,27,2,0.2860945274,0.4328240252897787
P022,ATACADAO,Pitimbu,5,"738,740,745.1,97,98",2,27,2,0.2851492537,0.4313939485172362
P023,MOTEL VISION,Candelária,5,"738,740,745.1,97,98",2,27,2,0.2842039801,0.4299638717446936
P024,SAMS CLUB,Neópolis,5,"738,740,745.1,97,98",2,27,2,0.2832587065,0.4285337949721511
P025,PASSARELA DE NEOPOLIS,Neópolis,5,"738,740,745.1,97,98",2,27,2,0.2823134328,0.4271037181996086
P026,HYUNDAI,Candelária,5,"738,740,745.1,97,98",2,27,2,0.2813681592,0.4256736414270661
P027,PG PRIME,Capim Macio,5,"738,740,745.1,97,98",2,27,2,0.2804228856,0.4242435646545235
P028,ESTACAO VIA DIRETA,Lagoa Nova,6,"738,740,745.1,745.2,97,98",2,28,4,0.3726119403,0.5637136835766973
P029,PASSARELA DE POTILANDIA,Lagoa Nova,4,"738,740,97,98",2,27,2,0.2199253731,0.3327186512118019
P030,UNIVERSAL,Lagoa Nova,4,"738,740,97,98",2,27,2,0.2189800995,0.3312885744392594
P031,PIZZARIA DONA MARIA,Lagoa Nova,4,"738,740,97,98",2,27,2,0.2180348259,0.3298584976667168
P032,NORDESTAO,Lagoa Nova,4,"738,740,97,98",2,28,3,0.2170895522,0.3284284208941743
P033,CONDOMINIO MORRO BRANCO,Lagoa Nova,2,"738,98",2,27,2,0.1553731343,0.0135104621405991
P034,MERCEARIA SR. ROCHA,Nova Descoberta,2,"738,98",2,27,2,0.1544278607,0.0120803853680565
P035,LATERAL DO IFRN,Lagoa Nova,2,"738,98",2,27,2,0.1534825871,0.010650308595514
P036,MID,Lagoa Nova,4,"738,740,97,98",2,28,4,0.2569651741,0.118207135330423
P037,IGREJA PENTECOSTAL DE JERUSALEM,Lagoa Seca,2,"738,98",2,27,2,0.1288308458,0.053138642179738
P038,STYLUS DECORACOES,Lagoa Seca,2,"738,98",2,27,2,0.1278855721,0.0517085654071955
P039,PP2,Alecrim,2,"738,98",2,27,2,0.1269402985,0.050278488634653
P040,MINISTERIO DO TRABALHO,Alecrim,2,"738,98",2,27,2,0.1259950249,0.0488484118621105
P041,NICOLE MODAS,Alecrim,2,"738,98",2,27,2,0.1250497512,0.0474183350895679
P042,BRADESCO ALECRIM,Alecrim,2,"738,98",2,27,2,0.1241044776,0.0459882583170254
P043,RESTAURANTE COMA BEM,Alecrim,2,"738,98",2,27,2,0.123159204,0.0445581815444828
P044,IGREJA CRISTA DAS NACOES,Alecrim,2,"738,98",2,27,2,0.1222139303,0.0431281047719404
P045,BAUDO,Quintas,2,"738,98",2,27,2,0.1212686567,0.0416980279993978
P046,CIA,Cidade Alta,4,"738,740,97,98",2,28,3,0.1678606965,0.2539515279241306
P047,AMERICANAS,Cidade Alta,4,"738,740,97,98",2,27,2,0.1669154229,0.2525214511515881
P048,RIBEIRA,Ribeira,4,"738,740,97,98",2,28,3,0.1659701493,0.2510913743790456
P049,PRACA 7 DE SETEMBRO,Cidade Alta,2,"738,98",2,27,2,0.0520895522,0.0788047568869486
P050,ANTES DA JANNA BABYS,Tirol,2,"738,98",2,27,2,0.0511442786,0.0773746801144061
P051,PRACA CIVICA NILIO PECANHA,Petrópolis,2,"738,98",2,27,2,0.050199005,0.0759446033418635
P052,CLINICA DE SANTA BEATRIZ,Petrópolis,2,"738,98",2,27,2,0.0492537313,0.0745145265693211
P053,PRACA DAS FLORES,Petrópolis,2,"738,98",2,27,2,0.0483084577,0.0730844497967785
P054,FARMAFORMULA,Petrópolis,2,"738,98",2,27,2,0.0473631841,0.071654373024236
P055,JUVENAL LAMARTINE,Tirol,2,"738,98",2,27,2,0.0464179104,0.0702242962516934
P056,FARMACIA PAGUE MENOS,Tirol,2,"738,98",2,27,2,0.0454726368,0.0687942194791509
P057,ESPACO REDUZIDO,Tirol,2,"738,98",2,27,2,0.0445273632,0.0673641427066085
P058,MARCATO,Tirol,2,"738,98",2,27,2,0.0435820896,0.0659340659340659
P059,FINAL DO AEROCLUBE,Tirol,2,"738,98",2,27,2,0.0426368159,0.0645039891615234
P060,ANTIGO COLEGIO BEREIANO,Tirol,2,"738,98",2,27,2,0.0416915423,0.0630739123889808
P061,FRENTE AO MID,Tirol,2,"738,98",2,27,2,0.0407462687,0.0616438356164383
P062,CONDOMINIO PAIS DE GALE,Lagoa Nova,4,"738,740,97,98",2,28,3,0.1669900498,0.2526343519494204
P063,PORTUGAL CENTER,Lagoa Nova,4,"738,740,97,98",2,27,2,0.1660447761,0.2512042751768779
P064,DOM GURMET,Lagoa Nova,4,"738,740,97,98",2,27,2,0.1650995025,0.2497741984043353
P065,POSTO ALVARO 105 GOVERNADORIA,Lagoa Nova,4,"738,740,97,98",2,28,3,0.1641542289,0.2483441216317928
P066,BANCO BRADESCO E ITAUBR,Candelária,2,"738,98",2,27,2,0.0,0.0
P067,ESTACAO CARREFOUR,Lagoa Nova,6,"738,740,745.1,745.2,97,98",2,28,5,0.3130597015,0.4736188469065181
P068,ANTIGA SALINAS,Candelária,5,"738,740,745.2,97,98",2,27,2,0.2215671642,0.3352024687641126
P069,POSTO BR NOVO HORIZONTE,Candelária,5,"738,740,745.2,97,98",2,27,2,0.2206218905,0.33377239199157
P070,PASSARELA NEOPOLIS SENTIDO PARANAMIRIM,Candelária,5,"738,740,745.2,97,98",2,27,2,0.2196766169,0.3323423152190276
P071,SAMS CLUB SENTIDO PARNAMIRIM,Candelária,5,"738,740,745.2,97,98",2,27,2,0.2187313433,0.330912238446485
P072,CAR BOX,Candelária,5,"738,740,745.2,97,98",2,27,2,0.2177860697,0.3294821616739425
P073,ATACADAO,Pitimbu,5,"738,740,745.2,97,98",2,29,4,0.216840796,0.3280520849013999
P074,DIVEP,Nova Parnamirim,4,"738,740,745.2,98",2,29,4,0.1143532338,0.1516634050880626
P075,CAIXA ECONOMICA DA MARIA LACERDA,Nova Parnamirim,2,"738,740",2,27,2,0.0477363184,0.053138642179738
P076,RESTAURANTE TEMPERO DA MARIA,Nova Parnamirim,2,"738,740",2,27,2,0.0467910448,0.0517085654071955
P077,EXTRA,Nova Parnamirim,2,"738,740",2,27,2,0.0458457711,0.050278488634653
P078,COLINAS DO SOL,Nova Parnamirim,2,"738,740",2,27,2,0.0449004975,0.0488484118621105
P079,CASA DO BOLO,Nova Parnamirim,2,"738,740",2,27,2,0.0439552239,0.0474183350895679
P080,CLAUDI MOVEIS,Nova Parnamirim,2,"738,740",2,27,2,0.0430099502,0.0459882583170254
P081,ACAI BIRUTA,Nova Parnamirim,2,"738,740",2,27,2,0.0420646766,0.0445581815444828
P082,RESTAURANTE BOM PRECO,Nova Parnamirim,2,"738,740",2,27,2,0.041119403,0.0431281047719404
P083,LATERAL DE CEPE,Nova Parnamirim,2,"738,740",2,27,2,0.0401741294,0.0416980279993978
P084,HAMBURGO STYLE,Parque dos Eucaliptos,3,"738,740,745.2",2,28,4,0.0731840796,0.0917130814391088
P085,CAMPO CERRADO,Parque dos Eucaliptos,3,"738,740,745.2",2,28,3,0.0712935323,0.0888529278940237
P086,TERMINAL,Parque dos Eucaliptos,2,"738,745.2",2,27,2,0.0703482587,0.0874228511214813
P087,KERO KERO,Candelaria,4,"738,740,745.2,98",2,28,3,0.0724626866,0.0921270510311605
P088,ESPACO SALLUTE,Clube do Pitimbu,1,740,2,27,2,2.48756e-05,3.74083495435773e-05
P089,MARCO ZERO MARCO ACAI,Nova Parnamirim,2,"740,745.1",2,28,3,0.0325497512,0.0054242106838245
P090,IFRN,Tirol,2,"740,97",2,27,2,0.0562686567,0.0851272015655577
P091,VILLA PARK,Tirol,2,"740,97",2,27,2,0.0553233831,0.0836971247930151
P092,BATALHAO 16,Tirol,2,"740,97",2,27,2,0.0543781095,0.0822670480204726
P093,IDEA DE MOVEIS,Tirol,2,"740,97",2,27,2,0.0534328358,0.0808369712479301
P094,UNIVERSIDADE DA PICANHA,Tirol,2,"740,97",2,27,2,0.0524875622,0.0794068944753876
P095,BIENOVA,Tirol,2,"740,97",2,27,2,0.0515422886,0.0779768177028451
P096,CAMPO JUVENAL LAMARTINE,Tirol,2,"740,97",2,27,2,0.0505970149,0.0765467409303025
P097,PREDIO VELHO,Petrópolis,2,"740,97",2,27,2,0.0496517413,0.07511666415776
P098,MERCADO PETROPOLIS,Petrópolis,2,"740,97",2,27,2,0.0487064677,0.0736865873852175
P099,HARMONY MEDICAL CENTER,Petrópolis,2,"740,97",2,27,2,0.047761194,0.072256510612675
P100,PRACA CIVICA,Petrópolis,2,"740,97",2,27,2,0.0468159204,0.0708264338401324
P101,HOSPITAL VARELA SANTIAGO,Cidade Alta,2,"740,97",2,27,2,0.0458706468,0.0693963570675899
P102,BANCO ITAU CIDADE,Cidade Alta,2,"740,97",2,27,2,0.0449253731,0.0679662802950473
P103,ARQUIVO TRIBUNAL DE JUSTICA,Cidade Alta,2,"740,97",2,27,2,0.0439800995,0.0665362035225048
P104,PRACA PRACA JOAO TIBURCIO,Cidade Alta,2,"740,97",2,27,2,0.1084328358,0.053138642179738
P105,BALDO,Cidade Alta,2,"740,97",2,27,2,0.1074875622,0.0517085654071955
P106,CEMITERIO DO ALECRIM,Alecrim,2,"740,97",2,27,2,0.1065422886,0.050278488634653
P107,INSINUANTE ALECRIM,Alecrim,2,"740,97",2,27,2,0.1055970149,0.0488484118621105
P108,DEPOIS DO BRADESCO ALECRIM,Alecrim,2,"740,97",2,27,2,0.1046517413,0.0474183350895679
P109,LAMPADINHA ALECRIM,Alecrim,2,"740,97",2,27,2,0.1037064677,0.0459882583170254
P110,MARTELINHO DE OURO,Lagoa Seca,2,"740,97",2,27,2,0.102761194,0.0445581815444828
P111,AROLDO AUTO PECAS,Lagoa Seca,2,"740,97",2,27,2,0.1018159204,0.0431281047719404
P112,POSTO BR PROXIMO AO MID,Lagoa Nova,2,"740,97",2,27,2,0.1008706468,0.0416980279993978
P113,PN329,Lagoa Nova,2,"745.1,745.2",2,27,2,0.147238806,0.0
P114,CIDADE JARDIM,Capim Macio,1,745.1,1,20,2,0.0860199005,0.1295373665480427
P115,SANTANDER,Capim Macio,1,745.1,1,19,2,0.0819402985,0.1233938939876381
P116,MAURICIO DE NASSAU,Capim Macio,1,745.1,1,18,2,0.0778109453,0.1171755010301555
P117,EXTRA,Capim Macio,1,745.1,1,17,2,0.0736318408,0.1108821876755946
P118,SHOPPING SEEWAY,Capim Macio,1,745.1,1,16,2,0.0694029851,0.1045139539239558
P119,UNP,Capim Macio,1,745.1,1,15,2,0.0651243781,0.0980707997752388
P120,TABUA DE CARNE,Capim Macio,1,745.1,1,14,2,0.0607960199,0.0915527252294436
P121,ESTACIO,Capim Macio,1,745.1,1,13,2,0.0564179104,0.0849597302865705
P122,PRAIA SHOPPING,Capim Macio,1,745.1,1,12,2,0.0519900498,0.0782918149466191
P123,FEIRA DE ARTESANATO,Ponta Negra,1,745.1,1,11,2,0.0475124378,0.0715489792095898
P124,BAR E PALESI,Ponta Negra,1,745.1,1,10,2,0.0429850746,0.0647312230754822
P125,DECKY BAR,Ponta Negra,1,745.1,1,9,2,0.0384079602,0.0578385465442966
P126,CIGARREIRA ROTA DO SOL,Ponta Negra,1,745.1,1,8,2,0.0337810945,0.050870949616033
P127,POSTO SHELL,Ponta Negra,1,745.1,1,7,2,0.0291044776,0.0438284322906911
P128,DOLCE AMORE,Ponta Negra,1,745.1,1,6,2,0.0243781095,0.0367109945682712
P129,PN345,Ponta Negra,1,745.1,1,5,2,0.01960199,0.0295186364487731
P130,ROTATORIA,Ponta Negra,1,745.1,1,4,2,0.0147761194,0.022251357932197
P131,SOLAR ENERGIAS RENOVAVEIS,Ponta Negra,1,745.1,1,3,2,0.0099004975,0.0149091590185428
P132,IGREJA PENTECOSTAL,Ponta Negra,1,745.1,1,2,2,0.0049751244,0.0074920397078104
P133,IGREJA GUERREIROS DA ORACAO,Nova Parnamirim,1,745.1,1,1,1,0.0,0.0
P134,TERMINAL,Nova Parnamirim,1,745.2,1,1,1,0.0,0.0
P135,IGREJA PETENCOSTAL,Ponta Negra,1,745.2,1,2,2,0.0041791045,0.0062857784263105
P136,ROTATORIA PN,Ponta Negra,1,745.2,1,3,2,0.0083084577,0.0124967261570696
P137,FRASQUEIRAO,Ponta Negra,1,745.2,1,4,2,0.0123880597,0.0186328431922774
P138,ESTRELA DO ATLANTICO,Ponta Negra,1,745.2,1,5,2,0.0164179104,0.0246941295319339
P139,MARITIMOS BAR,Ponta Negra,1,745.2,1,6,2,0.02039801,0.0306805851760392
P140,CHIC PIZZA,Ponta Negra,1,745.2,1,7,2,0.0243283582,0.0365922101245931
P141,ROTA DO SOL,Ponta Negra,1,745.2,1,8,2,0.0282089552,0.0424290043775956
P142,DECKY,Ponta Negra,1,745.2,1,9,2,0.032039801,0.0481909679350469
P143,BARI PALESI,Ponta Negra,1,745.2,1,10,2,0.0358208955,0.0538781007969468
P144,CAMAROES,Ponta Negra,1,745.2,1,11,2,0.0395522388,0.0594904029632955
P145,PRAIA SHOPPING,Capim Macio,1,745.2,1,12,2,0.0432338308,0.0650278744340928
P146,EM FRENTE DUNNAS SHOPPING,Capim Macio,1,745.2,1,13,2,0.0468656716,0.0704905152093389
P147,UNP,Capim Macio,1,745.2,1,14,2,0.0504477612,0.0758783252890336
P148,EXTRA,Capim Macio,1,745.2,1,15,2,0.0539800995,0.0811913046731769
P149,MAURICIO DE NASSAU,Parque das Dunas,1,745.2,1,16,2,0.0574626866,0.086429453361769
P150,DROGARIA GLOBO,Parque das Dunas,1,745.2,1,17,2,0.0608955224,0.0915927713548097
P151,BRADESCO,Capim Macio,1,745.2,1,18,2,0.064278607,0.0966812586522991
P152,UFRN - LABORATORIO DE AUTOMACAO,Lagoa Nova,1,745.2,1,19,2,0.0676119403,0.1016949152542372
P153,UFRN - CIT,Lagoa Nova,1,745.2,1,20,2,0.0708955224,0.106633741160624
P154,UFRN - CENTRO DE BIOCIENCIA,Lagoa Nova,1,745.2,1,21,2,0.0741293532,0.1114977363714595
P155,UFRN - NUPLAM 2,Lagoa Nova,1,745.2,1,22,2,0.0773134328,0.1162869008867437
P156,UFRN - ROTATORIA DO NEI,Lagoa Nova,1,745.2,1,23,2,0.0804477612,0.1210012347064766
P157,UFRN - NUPLAM,Lagoa Nova,1,745.2,1,24,2,0.0835323383,0.1256407378306581
P158,MERCADINHO SAO FRANCISCO E GINASIO,Capim Macio,1,745.2,1,25,2,0.0865671642,0.1302054102592883
P159,IGREJA DE MIRASSOL,Capim Macio,1,745.2,1,26,2,0.0895522388,0.1346952519923673
P160,ESPACO REDUZIDO,Nova Parnamirim,3,"745.2,97,98",2,30,4,0.2356716418,0.3565407195544182
P161,GRUPO CONRADO,Parque do Pitimbu,3,"745.2,97,98",2,29,5,0.225659204,0.0519720006021375
P162,MANARA,Parque do Pitimbu,3,"745.2,97,98",2,28,3,0.112238806,0.1602814993225951
P163,CDA DISTRIBUIDORA,Parque do Pitimbu,3,"745.2,97,98",2,27,2,0.1112935323,0.1588514225500527
P164,MC DONALDS,Parque do Pitimbu,3,"745.2,97,98",2,28,3,0.1103482587,0.1574213457775102
P165,OVERDOSE,Nova Parnamirim,3,"745.2,97,98",2,28,4,0.1015422886,0.0306337498118319
P166,CONDOMINIO ARCO IRIS,Parque do Pitimbu,2,"745.2,98",2,29,4,0.0715547264,0.0493000150534397
P167,IGREJA EVANGELICA CRISTA,Nova Parnamirim,3,"745.2,97,98",2,28,4,0.0834452736,0.1033042300165587
P168,PONTUAL MATERIAL DE CONSTRUCAO,Parque dos Eucaliptos,1,745.2,2,27,2,0.0341791045,0.0268703898840885
P169,SHOPPING AYRTON SENNA,Parque dos Eucaliptos,1,745.2,2,27,2,0.0332338308,0.025440313111546
P170,KI PAO SERIDO,Parque dos Eucaliptos,1,745.2,2,27,2,0.0322885572,0.0240102363390034
P171,CONDOMINIO ITAMARATI,Parque dos Eucaliptos,1,745.2,2,27,2,0.0313432836,0.0225801595664609
P172,ANTES DA ROTATORIA CIDADE VERDE,Parque dos Eucaliptos,1,745.2,2,27,2,0.03039801,0.0211500827939183
P173,COLEGIO EXTENSIVO,Parque dos Eucaliptos,1,745.2,2,27,2,0.0,0.0
P174,CONDOMINIO ITATIAIA,Parque Dos Eucaliptos,2,"97,98",2,28,3,0.0041791045,0.0011219566924716
P175,MARMITARIA DELICIAS QUENTINHAS,Nordeste,2,"97,98",2,28,3,0.0152238806,0.0177269157410523
P176,PN269,Nova Parnamirim,2,"97,98",2,28,3,0.0188059701,0.0231123078649163
P177,CONDOMINIO JARDIM DO SUL,Nova Parnamirim,1,97,2,27,2,0.0110696517,0.0
P178,ACQUA ESTETICA,Nova Parnamirim,2,"97,98",2,28,3,0.0292537313,0.0388197015595197
P179,REVISTARIA AYRTON SENNA,Nova Parnamirim,2,"97,98",2,27,2,0.0326368159,0.043905905232058
P180,IGREJA ASSEMBLEIA DE DEUS ABEL,Nova Parnamirim,2,"97,98",2,27,2,0.0359701493,0.0489173117917648
P181,MINA BELA COSMETICOS,Nova Parnamirim,2,"97,98",2,27,2,0.0392537313,0.0538539212386401
P182,PREFEITURA,Nova Parnamirim,2,"97,98",2,27,2,0.043818408,0.0067740478699382
P183,CONDOMINIO ARCO-IRIS,Nova Parnamirim,2,"97,98",2,27,2,0.0428731343,0.0053439710973957
P184,CONDOMINIO COLINAS DAS PALMEIRAS,Nova Parnamirim,2,"97,98",2,27,2,0.0607089552,0.0135104621405991
P185,CDA,Nova Parnamirim,2,"97,98",2,27,2,0.0597636816,0.0120803853680565
P186,PROSSEGUIR AUTO ESCOLA,Nova Parnamirim,2,"97,98",2,28,3,0.058818408,0.010650308595514
P187,ESPACO REDUZIDO,Nova Parnamirim,2,"97,98",2,29,3,0.2161940299,0.3270736113201866
P188,BOTECO RESTAURANTE E PIZZARIA,Nova Parnamirim,2,"97,98",2,27,2,0.048358209,0.0
P189,OVERDOSE,Nova Parnamirim,2,"97,98",2,28,3,0.0497885572,0.0067740478699382
P190,PN322,Nova Parnamirim,1,97,2,27,2,0.0126741294,0.0
P191,PREFEITURA,Nova Parnamirim,2,"97,98",2,28,3,0.0417288557,0.058407346078579
P192,TROPICAL LANCHES,Nova Parnamirim,2,"97,98",2,27,2,0.0407835821,0.0569772693060364
P193,IGREJA ASSEMBLEIA DE DEUS ABEL,Nova Parnamirim,2,"97,98",2,28,3,0.0398383085,0.0555471925334939
P194,ATRAS DO CONDOMINIO BERTIOGA,Nova Parnamirim,1,97,2,27,2,0.0089303483,0.0135104621405991
P195,VIA DORO,Nova Parnamirim,1,97,2,27,2,0.0079850746,0.0120803853680565
P196,RESIDENCIAL GOLDEN VALLEY,Nova Parnamirim,1,97,2,27,2,0.007039801,0.010650308595514
P197,VAREJAO VITORIA,Nova Parnamirim,2,"97,98",2,28,3,0.0341666667,0.0469667318982387
P198,MERCADINHO ALGAROBA,Nova Parnamirim,1,98,2,27,2,9.95025e-05,0.0001495942256628
P199,GERBERA RECEPCOES,Nova Parnamirim,1,98,2,27,2,0.0037810945,0.0056845805751898
P200,CONDOMINIO GOLDEN VALLEY,Nova Parnamirim,1,98,2,27,2,0.0110696517,0.0
P201,PN312,Nova Parnamirim,1,98,2,27,2,0.025460199,0.0067740478699382
P202,PN313,Nova Parnamirim,1,98,2,27,2,0.0245149254,0.0053439710973957
