parada_id,no_v2,nome,endereco
P022,ATACADAO | av sen salgado filho,ATACADAO,"Av. Sen. Salgado Filho - Pitimbu, Natal - RN, 59078-000, Brasil"
P073,ATACADAO | av sen salgado filho,ATACADAO,"Av. Sen. Salgado Filho - Pitimbu, Natal - RN, 59080-000, Brasil"
P187,ESPACO REDUZIDO | av abel cabral,ESPACO REDUZIDO,"Avenida Abel Cabral, 270-280 - Nova Parnamirim, Natal - RN, Brasil"
P160,ESPACO REDUZIDO | av abel cabral,ESPACO REDUZIDO,"Av Abel Cabral, 398, Rio Grande Do Norte, Nova Parnamirim (Parnamirim)"
P117,EXTRA | av eng roberto freire,EXTRA,"Av. Eng. Roberto Freire, 780-1020 - Capim Macio, Natal - RN, 59082-400, Brasil"
P148,EXTRA | av eng roberto freire,EXTRA,"Av. Eng. Roberto Freire, 689-1345 - Capim Macio, Natal - RN, 59080-400, Brasil"
P193,IGREJA ASSEMBLEIA DE DEUS ABEL | av abel cabral,IGREJA ASSEMBLEIA DE DEUS ABEL,"Av Abel Cabral, 2692, Rio Grande Do Norte, Nova Parnamirim (Parnamirim)"
P180,IGREJA ASSEMBLEIA DE DEUS ABEL | av abel cabral,IGREJA ASSEMBLEIA DE DEUS ABEL,"Av Abel Cabral, 2686, Rio Grande Do Norte, Nova Parnamirim (Parnamirim)"
P116,MAURICIO DE NASSAU | av eng roberto freire,MAURICIO DE NASSAU,"Av. Eng. Roberto Freire, 512-626 - Capim Macio, Natal - RN, 59080-400, Brasil"
P149,MAURICIO DE NASSAU | av eng roberto freire,MAURICIO DE NASSAU,"Av. Eng. Roberto Freire, 441-657 - Parque das Dunas, Natal - RN, 59080-400, Brasil"
P189,OVERDOSE | av abel cabral,OVERDOSE,"Av Abel Cabral, 1566, Rio Grande Do Norte, Nova Parnamirim (Parnamirim)"
P165,OVERDOSE | av abel cabral,OVERDOSE,"Av Abel Cabral, 1628, Rio Grande Do Norte, Nova Parnamirim (Parnamirim)"
P122,PRAIA SHOPPING | av eng roberto freire,PRAIA SHOPPING,"Avenida Engenheiro Roberto Freire - Capim Macio, Natal - RN, Brasil"
P145,PRAIA SHOPPING | av eng roberto freire,PRAIA SHOPPING,"Avenida Engenheiro Roberto Freire - Capim Macio, Natal - RN, Brasil"
P182,PREFEITURA | av abel cabral,PREFEITURA,"Av Abel Cabral, 1992, Rio Grande Do Norte, Nova Parnamirim (Parnamirim)"
P191,PREFEITURA | av abel cabral,PREFEITURA,"Av Abel Cabral, 2020, Rio Grande Do Norte, Nova Parnamirim (Parnamirim)"
P002,TERMINAL | av gastao mariz de faria,TERMINAL,"Av. Gastão Mariz de Faria, 817-1041 - Parque dos Eucaliptos, Parnamirim - RN, 59152-110, Brasil"
P086,TERMINAL | av gastao mariz de faria,TERMINAL,"Av. Gastão Mariz de Faria, 850-994 - Parque dos Eucaliptos, Parnamirim - RN, 59152-110, Brasil"
P134,TERMINAL | av gastao mariz de faria,TERMINAL,"Avenida Gastão Mariz de Faria, 976 - Nova Parnamirim, Natal - RN, Brasil"
P119,UNP | av eng roberto freire,UNP,"Avenida Engenheiro Roberto Freire, 1514 - Universidade Potiguar - Unp - Capim Macio, Natal - RN, Brasil"
P147,UNP | av eng roberto freire,UNP,"Av. Eng. Roberto Freire, 1347-2107 - Capim Macio, Natal - RN, 59080-400, Brasil"
